{ "columns":1,
 "image":"img\/midiz.png",
 "imageheight":20,
 "imagewidth":20,
 "margin":0,
 "name":"aguamidiz",
 "properties":[
        {
         "name":"Colisionable",
         "type":"bool",
         "value":true
        }],
 "spacing":0,
 "tilecount":1,
 "tiledversion":"1.8.2",
 "tileheight":20,
 "tiles":[
        {
         "id":0,
         "properties":[
                {
                 "name":"Colisionable",
                 "type":"bool",
                 "value":true
                }]
        }],
 "tilewidth":20,
 "type":"tileset",
 "version":"1.8"
}