{ "compressionlevel":-1,
 "height":27,
 "infinite":false,
 "layers":[
        {
         "data":[1, 1, 1, 1, 1, 1, 8, 7, 8, 7, 8, 7, 8, 7, 8, 7, 8, 7, 8, 7, 8, 7, 8, 7, 8, 7, 8, 7, 8, 7, 8, 7, 8, 7, 8, 7, 8, 7, 8, 7, 8, 1, 1, 1, 1, 1, 1, 1, 1, 1, 1, 1, 8, 7, 8, 7, 8, 7, 8, 7, 8, 7, 8, 7, 8, 7, 8, 7, 8, 7, 8, 7, 8, 7, 8, 7, 8, 7, 8, 7, 8, 7, 8, 7, 8, 7, 8, 7, 8, 1, 1, 1, 1, 1, 1, 1, 1, 1, 8, 7, 8, 7, 8, 7, 8, 7, 8, 7, 8, 7, 8, 7, 8, 7, 8, 7, 8, 7, 8, 7, 8, 7, 8, 7, 8, 6, 6, 6, 6, 6, 6, 5, 8, 7, 8, 7, 8, 1, 1, 1, 1, 1, 1, 1, 8, 7, 8, 7, 8, 7, 8, 6, 6, 6, 5, 7, 8, 7, 8, 7, 8, 7, 8, 7, 8, 7, 8, 7, 8, 7, 8, 7, 8, 7, 8, 7, 8, 6, 5, 7, 8, 7, 8, 7, 8, 1, 1, 1, 1, 1, 8, 7, 8, 7, 8, 7, 8, 7, 6, 9, 6, 5, 8, 7, 8, 7, 8, 7, 8, 7, 8, 7, 8, 7, 8, 7, 8, 7, 8, 7, 8, 7, 8, 7, 6, 5, 8, 7, 8, 7, 8, 7, 8, 1, 1, 1, 8, 7, 8, 7, 8, 7, 8, 7, 8, 6, 9, 6, 5, 7, 8, 7, 8, 7, 8, 7, 8, 7, 8, 7, 8, 7, 8, 7, 8, 7, 8, 7, 8, 7, 8, 6, 5, 7, 8, 7, 8, 7, 8, 7, 8, 1, 8, 7, 8, 7, 8, 7, 8, 7, 8, 7, 6, 6, 6, 5, 8, 7, 8, 7, 4, 4, 8, 7, 8, 7, 8, 7, 8, 7, 4, 4, 8, 7, 8, 7, 8, 7, 6, 7, 8, 7, 8, 7, 8, 7, 8, 7, 8, 7, 8, 7, 8, 7, 8, 7, 8, 7, 8, 7, 8, 7, 8, 7, 8, 7, 4, 4, 8, 7, 8, 7, 8, 7, 8, 7, 8, 7, 4, 4, 8, 7, 8, 7, 8, 7, 8, 7, 8, 7, 8, 7, 8, 7, 8, 7, 8, 7, 8, 7, 8, 7, 8, 7, 8, 7, 8, 7, 8, 7, 8, 7, 8, 4, 8, 7, 8, 7, 8, 7, 8, 7, 8, 7, 8, 7, 4, 7, 8, 7, 8, 7, 8, 7, 8, 7, 8, 7, 8, 7, 8, 7, 8, 2, 2, 2, 2, 2, 2, 7, 8, 7, 8, 7, 8, 7, 8, 7, 8, 4, 8, 7, 8, 7, 8, 7, 8, 7, 8, 7, 8, 7, 8, 7, 4, 7, 8, 7, 8, 7, 8, 7, 8, 7, 2, 2, 2, 2, 2, 2, 8, 7, 8, 7, 8, 7, 8, 7, 8, 3, 8, 7, 8, 7, 8, 7, 4, 7, 8, 7, 8, 7, 8, 7, 8, 7, 8, 7, 8, 7, 8, 4, 8, 7, 8, 7, 8, 3, 8, 7, 8, 7, 8, 7, 8, 7, 8, 7, 8, 7, 8, 7, 8, 7, 8, 7, 4, 7, 8, 7, 8, 7, 8, 4, 8, 7, 8, 7, 8, 7, 8, 7, 8, 7, 8, 7, 8, 7, 4, 7, 8, 7, 8, 7, 4, 7, 8, 7, 8, 7, 8, 7, 8, 7, 8, 7, 8, 7, 8, 7, 8, 7, 5, 4, 8, 7, 8, 3, 8, 7, 4, 7, 8, 7, 8, 7, 8, 7, 8, 7, 8, 7, 8, 7, 8, 4, 8, 7, 3, 7, 8, 4, 5, 7, 8, 7, 8, 7, 8, 7, 8, 7, 8, 7, 8, 7, 8, 7, 8, 5, 4, 7, 8, 7, 3, 7, 8, 4, 8, 7, 8, 7, 8, 7, 8, 7, 8, 7, 8, 7, 8, 7, 4, 7, 8, 3, 8, 7, 4, 5, 8, 7, 8, 7, 8, 7, 8, 7, 8, 7, 8, 7, 8, 7, 8, 7, 5, 4, 8, 7, 8, 3, 8, 7, 4, 7, 8, 7, 8, 7, 8, 7, 8, 7, 8, 7, 8, 7, 8, 4, 8, 7, 3, 7, 8, 4, 5, 7, 8, 7, 8, 7, 8, 7, 8, 7, 8, 7, 8, 7, 8, 7, 8, 7, 4, 7, 8, 7, 8, 7, 8, 4, 7, 7, 8, 7, 8, 7, 8, 7, 8, 7, 8, 7, 8, 7, 4, 7, 8, 7, 8, 7, 4, 7, 8, 7, 8, 7, 8, 7, 8, 7, 8, 7, 8, 7, 8, 7, 8, 7, 8, 3, 8, 7, 8, 7, 8, 7, 8, 4, 8, 7, 8, 7, 8, 7, 8, 7, 8, 7, 8, 7, 4, 7, 8, 7, 8, 7, 8, 3, 8, 7, 8, 7, 8, 7, 8, 7, 8, 2, 2, 2, 2, 2, 2, 7, 8, 7, 8, 7, 8, 7, 8, 7, 8, 7, 4, 4, 8, 7, 8, 7, 8, 7, 8, 7, 8, 7, 4, 4, 8, 7, 8, 7, 8, 7, 8, 7, 8, 7, 2, 2, 2, 2, 2, 2, 8, 7, 8, 7, 8, 7, 8, 7, 8, 7, 8, 7, 8, 7, 8, 7, 8, 7, 4, 4, 8, 7, 8, 7, 8, 7, 8, 7, 4, 4, 7, 7, 8, 7, 8, 7, 8, 7, 8, 7, 8, 7, 8, 7, 8, 7, 8, 7, 8, 7, 8, 7, 8, 7, 8, 7, 8, 7, 8, 7, 8, 7, 8, 7, 8, 7, 8, 7, 8, 7, 8, 7, 8, 7, 8, 7, 8, 7, 8, 7, 8, 7, 8, 7, 8, 7, 8, 7, 8, 7, 8, 7, 8, 7, 8, 7, 8, 7, 8, 7, 8, 7, 8, 7, 6, 7, 8, 7, 8, 7, 8, 7, 8, 7, 8, 7, 8, 7, 8, 7, 8, 7, 8, 7, 8, 7, 8, 7, 6, 6, 6, 7, 8, 7, 8, 7, 8, 7, 8, 7, 8, 1, 8, 7, 8, 7, 8, 7, 8, 7, 5, 6, 8, 7, 8, 7, 8, 7, 8, 7, 8, 7, 8, 7, 8, 7, 8, 7, 8, 7, 8, 7, 8, 7, 8, 6, 9, 6, 8, 7, 8, 7, 8, 7, 8, 7, 8, 1, 1, 1, 8, 7, 8, 7, 8, 7, 8, 5, 6, 7, 8, 7, 8, 7, 8, 7, 8, 7, 8, 7, 8, 7, 8, 7, 8, 7, 8, 7, 8, 7, 8, 7, 6, 9, 6, 7, 8, 7, 8, 7, 8, 7, 8, 1, 1, 1, 1, 1, 8, 7, 8, 7, 8, 7, 5, 6, 8, 7, 8, 7, 8, 7, 8, 7, 8, 7, 8, 7, 8, 7, 8, 7, 8, 7, 8, 7, 8, 7, 8, 6, 6, 6, 8, 7, 8, 7, 8, 7, 8, 1, 1, 1, 1, 1, 1, 1, 8, 7, 8, 7, 8, 5, 6, 6, 6, 6, 6, 6, 6, 7, 8, 7, 8, 7, 8, 7, 8, 7, 8, 7, 8, 7, 8, 7, 8, 7, 8, 7, 8, 7, 8, 7, 8, 7, 8, 1, 1, 1, 1, 1, 1, 1, 1, 1, 8, 7, 8, 7, 8, 7, 8, 7, 8, 7, 8, 7, 8, 7, 8, 7, 8, 7, 8, 7, 8, 7, 8, 7, 8, 7, 8, 7, 8, 7, 8, 7, 8, 7, 8, 7, 8, 1, 1, 1, 1, 1, 1, 1, 1, 1, 1, 1, 8, 7, 8, 7, 8, 7, 8, 7, 8, 7, 8, 7, 8, 7, 8, 7, 8, 7, 8, 7, 8, 7, 8, 7, 8, 7, 8, 7, 8, 7, 8, 7, 8, 7, 8, 1, 1, 1, 1, 1, 1],
         "height":27,
         "id":1,
         "name":"Capa de patrones 1",
         "opacity":1,
         "type":"tilelayer",
         "visible":true,
         "width":47,
         "x":0,
         "y":0
        }, 
        {
         "draworder":"topdown",
         "id":2,
         "name":"Respawns",
         "objects":[
                {
                 "ellipse":true,
                 "height":34,
                 "id":1,
                 "name":"one",
                 "rotation":0,
                 "type":"",
                 "visible":true,
                 "width":34,
                 "x":5,
                 "y":250
                }, 
                {
                 "ellipse":true,
                 "height":34,
                 "id":5,
                 "name":"two",
                 "rotation":0,
                 "type":"",
                 "visible":true,
                 "width":34,
                 "x":900,
                 "y":250
                }],
         "opacity":1,
         "type":"objectgroup",
         "visible":true,
         "x":0,
         "y":0
        }],
 "nextlayerid":3,
 "nextobjectid":9,
 "orientation":"orthogonal",
 "renderorder":"right-down",
 "tiledversion":"1.8.2",
 "tileheight":20,
 "tilesets":[
        {
         "columns":1,
         "firstgid":1,
         "image":"..\/img\/0000.png",
         "imageheight":20,
         "imagewidth":20,
         "margin":0,
         "name":"agua",
         "properties":[
                {
                 "name":"Colisionable",
                 "type":"bool",
                 "value":true
                }],
         "spacing":0,
         "tilecount":1,
         "tileheight":20,
         "tilewidth":20
        }, 
        {
         "columns":1,
         "firstgid":2,
         "image":"..\/img\/crate_1.png",
         "imageheight":30,
         "imagewidth":20,
         "margin":0,
         "name":"Caja",
         "spacing":0,
         "tilecount":1,
         "tileheight":30,
         "tilewidth":20
        }, 
        {
         "firstgid":3,
         "source":"Barril.json"
        }, 
        {
         "firstgid":4,
         "source":"roca.json"
        }, 
        {
         "firstgid":5,
         "source":"Hierba.json"
        }, 
        {
         "firstgid":6,
         "source":"Muro.json"
        }, 
        {
         "firstgid":7,
         "source":"fondo.json"
        }, 
        {
         "columns":1,
         "firstgid":8,
         "image":"img\/fondo_2.png",
         "imageheight":20,
         "imagewidth":20,
         "margin":0,
         "name":"fondo_2",
         "spacing":0,
         "tilecount":1,
         "tileheight":20,
         "tilewidth":20
        }, 
        {
         "firstgid":9,
         "source":"Caja.json"
        }, 
        {
         "columns":1,
         "firstgid":10,
         "image":"..\/img\/fondo.png",
         "imageheight":20,
         "imagewidth":20,
         "margin":0,
         "name":"fondo",
         "spacing":0,
         "tilecount":1,
         "tileheight":20,
         "tilewidth":20
        }, 
        {
         "columns":1,
         "firstgid":11,
         "image":"img\/bones_1.png",
         "imageheight":32,
         "imagewidth":20,
         "margin":0,
         "name":"bones_1",
         "spacing":0,
         "tilecount":1,
         "tileheight":32,
         "tilewidth":20
        }, 
        {
         "columns":1,
         "firstgid":12,
         "image":"..\/img\/fondo.png",
         "imageheight":20,
         "imagewidth":20,
         "margin":0,
         "name":"fondo",
         "spacing":0,
         "tilecount":1,
         "tileheight":20,
         "tilewidth":20
        }, 
        {
         "columns":1,
         "firstgid":13,
         "image":"img\/fondo_2.png",
         "imageheight":20,
         "imagewidth":20,
         "margin":0,
         "name":"fondo_2",
         "spacing":0,
         "tilecount":1,
         "tileheight":20,
         "tilewidth":20
        }, 
        {
         "columns":1,
         "firstgid":14,
         "image":"..\/img\/grass_2.png",
         "imageheight":30,
         "imagewidth":20,
         "margin":0,
         "name":"Hierba",
         "spacing":0,
         "tilecount":1,
         "tileheight":30,
         "tilewidth":20
        }, 
        {
         "columns":1,
         "firstgid":15,
         "image":"..\/img\/brick_1.png",
         "imageheight":30,
         "imagewidth":20,
         "margin":0,
         "name":"Muro",
         "spacing":0,
         "tilecount":1,
         "tileheight":30,
         "tilewidth":20
        }, 
        {
         "columns":1,
         "firstgid":16,
         "image":"..\/img\/wall_rock_1.png",
         "imageheight":30,
         "imagewidth":20,
         "margin":0,
         "name":"roca",
         "spacing":0,
         "tilecount":1,
         "tileheight":30,
         "tilewidth":20
        }],
 "tilewidth":20,
 "type":"map",
 "version":"1.8",
 "width":47
}