{ "compressionlevel":-1,
 "height":27,
 "infinite":false,
 "layers":[
        {
         "data":[1, 1, 1, 1, 1, 1, 6, 5, 6, 5, 6, 5, 6, 5, 6, 5, 6, 5, 6, 5, 6, 5, 6, 5, 6, 5, 6, 5, 6, 5, 6, 5, 6, 5, 6, 5, 6, 5, 6, 5, 6, 1, 1, 1, 1, 1, 1, 1, 1, 1, 1, 1, 6, 5, 6, 5, 6, 5, 6, 5, 6, 5, 6, 5, 6, 5, 6, 5, 6, 5, 6, 5, 6, 5, 6, 5, 6, 5, 6, 5, 6, 5, 6, 5, 6, 5, 6, 5, 6, 1, 1, 1, 1, 1, 1, 1, 1, 1, 6, 5, 6, 5, 6, 5, 6, 5, 6, 5, 6, 5, 6, 5, 6, 5, 6, 5, 6, 5, 6, 5, 6, 5, 6, 5, 6, 4, 4, 4, 4, 4, 4, 9, 6, 5, 6, 5, 6, 1, 1, 1, 1, 1, 1, 1, 6, 5, 6, 5, 6, 5, 6, 4, 4, 4, 9, 5, 6, 5, 6, 5, 6, 5, 6, 5, 6, 5, 6, 5, 6, 5, 6, 5, 6, 5, 6, 5, 6, 4, 9, 5, 6, 5, 6, 5, 6, 1, 1, 1, 1, 1, 6, 5, 6, 5, 6, 5, 6, 5, 4, 8, 4, 9, 6, 5, 6, 5, 6, 5, 6, 5, 6, 5, 6, 5, 6, 5, 6, 5, 6, 5, 6, 5, 6, 5, 4, 9, 6, 5, 6, 5, 6, 5, 6, 1, 1, 1, 6, 5, 6, 5, 6, 5, 6, 5, 6, 4, 8, 4, 9, 5, 6, 5, 6, 5, 6, 5, 6, 5, 6, 5, 6, 5, 6, 5, 6, 5, 6, 5, 6, 5, 6, 4, 9, 5, 6, 5, 6, 5, 6, 5, 6, 1, 6, 5, 6, 5, 6, 5, 6, 5, 6, 5, 4, 4, 4, 9, 6, 5, 6, 10, 3, 3, 6, 5, 6, 5, 6, 5, 6, 5, 3, 3, 10, 5, 6, 5, 6, 5, 4, 5, 6, 5, 6, 5, 6, 5, 6, 5, 6, 5, 6, 5, 6, 5, 6, 5, 6, 5, 6, 5, 6, 5, 6, 5, 6, 5, 3, 3, 6, 5, 6, 5, 6, 5, 6, 5, 6, 5, 3, 3, 6, 5, 6, 5, 6, 5, 6, 5, 6, 5, 6, 5, 6, 5, 6, 5, 6, 5, 6, 5, 6, 5, 6, 5, 6, 5, 6, 5, 6, 5, 6, 5, 6, 3, 6, 5, 6, 5, 6, 5, 6, 5, 6, 5, 6, 5, 3, 5, 6, 5, 6, 5, 6, 5, 6, 5, 6, 5, 6, 5, 6, 5, 6, 7, 7, 7, 7, 7, 7, 5, 6, 5, 6, 5, 6, 5, 6, 5, 6, 3, 6, 5, 6, 5, 6, 5, 6, 5, 6, 5, 6, 5, 6, 5, 3, 5, 6, 5, 6, 5, 6, 5, 6, 5, 7, 7, 7, 7, 7, 7, 6, 5, 6, 5, 6, 5, 6, 5, 6, 2, 6, 5, 6, 5, 6, 5, 3, 5, 6, 5, 6, 5, 6, 5, 6, 5, 6, 5, 6, 5, 6, 3, 6, 5, 6, 5, 6, 2, 6, 5, 6, 5, 6, 5, 6, 5, 6, 5, 6, 5, 6, 5, 6, 5, 6, 5, 3, 5, 6, 5, 6, 5, 6, 3, 6, 5, 6, 5, 6, 5, 6, 5, 6, 5, 6, 5, 6, 5, 3, 5, 6, 5, 6, 5, 3, 5, 6, 5, 6, 5, 6, 5, 6, 5, 6, 5, 6, 5, 6, 5, 6, 5, 9, 3, 6, 5, 6, 2, 6, 5, 3, 5, 6, 5, 6, 5, 6, 5, 6, 5, 6, 5, 6, 5, 6, 3, 6, 5, 2, 5, 6, 3, 9, 5, 6, 5, 6, 5, 6, 5, 6, 5, 6, 5, 6, 5, 6, 5, 6, 9, 3, 5, 6, 5, 2, 5, 6, 3, 6, 5, 6, 5, 6, 5, 6, 5, 6, 5, 6, 5, 6, 5, 3, 5, 6, 2, 6, 5, 3, 9, 6, 5, 6, 5, 6, 5, 6, 5, 6, 5, 6, 5, 6, 5, 6, 5, 9, 3, 6, 5, 6, 2, 6, 5, 3, 5, 6, 5, 6, 5, 6, 5, 6, 5, 6, 5, 6, 5, 6, 3, 6, 5, 2, 5, 6, 3, 9, 5, 6, 5, 6, 5, 6, 5, 6, 5, 6, 5, 6, 5, 6, 5, 6, 5, 3, 5, 6, 5, 6, 5, 6, 3, 5, 5, 6, 5, 6, 5, 6, 5, 6, 5, 6, 5, 6, 5, 3, 5, 6, 5, 6, 5, 3, 5, 6, 5, 6, 5, 6, 5, 6, 5, 6, 5, 6, 5, 6, 5, 6, 5, 6, 2, 6, 5, 6, 5, 6, 5, 6, 3, 6, 5, 6, 5, 6, 5, 6, 5, 6, 5, 6, 5, 3, 5, 6, 5, 6, 5, 6, 2, 6, 5, 6, 5, 6, 5, 6, 5, 6, 7, 7, 7, 7, 7, 7, 5, 6, 5, 6, 5, 6, 5, 6, 5, 6, 5, 3, 3, 6, 5, 6, 5, 6, 5, 6, 5, 6, 5, 3, 3, 6, 5, 6, 5, 6, 5, 6, 5, 6, 5, 7, 7, 7, 7, 7, 7, 6, 5, 6, 5, 6, 5, 6, 5, 6, 5, 6, 5, 6, 5, 6, 5, 6, 10, 3, 3, 6, 5, 6, 5, 6, 5, 6, 5, 3, 3, 10, 5, 6, 5, 6, 5, 6, 5, 6, 5, 6, 5, 6, 5, 6, 5, 6, 5, 6, 5, 6, 5, 6, 5, 6, 5, 6, 5, 6, 5, 6, 5, 6, 5, 6, 5, 6, 5, 6, 5, 6, 5, 6, 5, 6, 5, 6, 5, 6, 5, 6, 5, 6, 5, 6, 5, 6, 5, 6, 5, 6, 5, 6, 5, 6, 5, 6, 5, 6, 5, 6, 5, 6, 5, 4, 5, 6, 5, 6, 5, 6, 5, 6, 5, 6, 5, 6, 5, 6, 5, 6, 5, 6, 5, 6, 5, 6, 5, 4, 4, 4, 5, 6, 5, 6, 5, 6, 5, 6, 5, 6, 1, 6, 5, 6, 5, 6, 5, 6, 5, 9, 4, 6, 5, 6, 5, 6, 5, 6, 5, 6, 5, 6, 5, 6, 5, 6, 5, 6, 5, 6, 5, 6, 5, 9, 4, 8, 4, 6, 5, 6, 5, 6, 5, 6, 5, 6, 1, 1, 1, 6, 5, 6, 5, 6, 5, 6, 9, 4, 5, 6, 5, 6, 5, 6, 5, 6, 5, 6, 5, 6, 5, 6, 5, 6, 5, 6, 5, 6, 5, 6, 9, 4, 8, 4, 5, 6, 5, 6, 5, 6, 5, 6, 1, 1, 1, 1, 1, 6, 5, 6, 5, 6, 5, 9, 4, 6, 5, 6, 5, 6, 5, 6, 5, 6, 5, 6, 5, 6, 5, 6, 5, 6, 5, 6, 5, 6, 5, 9, 4, 4, 4, 6, 5, 6, 5, 6, 5, 6, 1, 1, 1, 1, 1, 1, 1, 6, 5, 6, 5, 6, 9, 4, 4, 4, 4, 4, 4, 4, 5, 6, 5, 6, 5, 6, 5, 6, 5, 6, 5, 6, 5, 6, 5, 6, 5, 6, 5, 6, 5, 6, 5, 6, 5, 6, 1, 1, 1, 1, 1, 1, 1, 1, 1, 6, 5, 6, 5, 6, 5, 6, 5, 6, 5, 6, 5, 6, 5, 6, 5, 6, 5, 6, 5, 6, 5, 6, 5, 6, 5, 6, 5, 6, 5, 6, 5, 6, 5, 6, 5, 6, 1, 1, 1, 1, 1, 1, 1, 1, 1, 1, 1, 6, 5, 6, 5, 6, 5, 6, 5, 6, 5, 6, 5, 6, 5, 6, 5, 6, 5, 6, 5, 6, 5, 6, 5, 6, 5, 6, 5, 6, 5, 6, 5, 6, 5, 6, 1, 1, 1, 1, 1, 1],
         "height":27,
         "id":1,
         "name":"Capa de patrones 1",
         "opacity":1,
         "type":"tilelayer",
         "visible":true,
         "width":47,
         "x":0,
         "y":0
        }, 
        {
         "draworder":"topdown",
         "id":2,
         "name":"Respawns",
         "objects":[
                {
                 "ellipse":true,
                 "height":34,
                 "id":1,
                 "name":"one",
                 "rotation":0,
                 "type":"",
                 "visible":true,
                 "width":34,
                 "x":5,
                 "y":250
                }, 
                {
                 "ellipse":true,
                 "height":34,
                 "id":5,
                 "name":"two",
                 "rotation":0,
                 "type":"",
                 "visible":true,
                 "width":34,
                 "x":900,
                 "y":250
                }],
         "opacity":1,
         "type":"objectgroup",
         "visible":true,
         "x":0,
         "y":0
        }, 
        {
         "draworder":"topdown",
         "id":3,
         "name":"PowerUps",
         "objects":[
                {
                 "height":0,
                 "id":10,
                 "name":"",
                 "rotation":0,
                 "type":"",
                 "visible":true,
                 "width":0,
                 "x":290.104666666667,
                 "y":29.8599
                }, 
                {
                 "height":0,
                 "id":11,
                 "name":"",
                 "rotation":0,
                 "type":"",
                 "visible":true,
                 "width":0,
                 "x":649.471,
                 "y":509.731
                }, 
                {
                 "height":0,
                 "id":12,
                 "name":"",
                 "rotation":0,
                 "type":"",
                 "visible":true,
                 "width":0,
                 "x":840.448,
                 "y":95.4828
                }, 
                {
                 "height":0,
                 "id":13,
                 "name":"",
                 "rotation":0,
                 "type":"",
                 "visible":true,
                 "width":0,
                 "x":112.391,
                 "y":458.516
                }, 
                {
                 "height":0,
                 "id":14,
                 "name":"",
                 "rotation":0,
                 "type":"",
                 "visible":true,
                 "width":0,
                 "x":249.931,
                 "y":438.374
                }, 
                {
                 "height":0,
                 "id":16,
                 "name":"",
                 "rotation":0,
                 "type":"",
                 "visible":true,
                 "width":0,
                 "x":690.07,
                 "y":90.249
                }, 
                {
                 "height":0,
                 "id":19,
                 "name":"",
                 "rotation":0,
                 "type":"",
                 "visible":true,
                 "width":0,
                 "x":480,
                 "y":120
                }, 
                {
                 "height":0,
                 "id":21,
                 "name":"",
                 "rotation":0,
                 "type":"",
                 "visible":true,
                 "width":0,
                 "x":480,
                 "y":369.996
                }],
         "opacity":1,
         "type":"objectgroup",
         "visible":true,
         "x":0,
         "y":0
        }, 
        {
         "draworder":"topdown",
         "id":4,
         "name":"Kit",
         "objects":[
                {
                 "height":0,
                 "id":31,
                 "name":"",
                 "rotation":0,
                 "type":"",
                 "visible":true,
                 "width":0,
                 "x":480,
                 "y":250
                }],
         "opacity":1,
         "type":"objectgroup",
         "visible":true,
         "x":0,
         "y":0
        }, 
        {
         "draworder":"topdown",
         "id":5,
         "name":"Spikes_1",
         "objects":[
                {
                 "height":0,
                 "id":35,
                 "name":"",
                 "rotation":0,
                 "type":"",
                 "visible":true,
                 "width":0,
                 "x":849.5,
                 "y":210
                }, 
                {
                 "height":0,
                 "id":36,
                 "name":"",
                 "rotation":0,
                 "type":"",
                 "visible":true,
                 "width":0,
                 "x":850.25,
                 "y":237
                }, 
                {
                 "height":0,
                 "id":39,
                 "name":"",
                 "rotation":0,
                 "type":"",
                 "visible":true,
                 "width":0,
                 "x":849.75,
                 "y":262.75
                }, 
                {
                 "height":0,
                 "id":42,
                 "name":"",
                 "rotation":0,
                 "type":"",
                 "visible":true,
                 "width":0,
                 "x":850.25,
                 "y":289.5
                }, 
                {
                 "height":0,
                 "id":43,
                 "name":"",
                 "rotation":0,
                 "type":"",
                 "visible":true,
                 "width":0,
                 "x":850,
                 "y":319.5
                }, 
                {
                 "height":0,
                 "id":45,
                 "name":"",
                 "rotation":0,
                 "type":"",
                 "visible":true,
                 "width":0,
                 "x":609.702859510982,
                 "y":530.139245752176
                }, 
                {
                 "height":0,
                 "id":46,
                 "name":"",
                 "rotation":0,
                 "type":"",
                 "visible":true,
                 "width":0,
                 "x":729.550973891422,
                 "y":330.211355159552
                }, 
                {
                 "height":0,
                 "id":47,
                 "name":"",
                 "rotation":0,
                 "type":"",
                 "visible":true,
                 "width":0,
                 "x":709.414111065064,
                 "y":349.84821798591
                }, 
                {
                 "height":0,
                 "id":48,
                 "name":"",
                 "rotation":0,
                 "type":"",
                 "visible":true,
                 "width":0,
                 "x":689.25569830087,
                 "y":369.501243265644
                }, 
                {
                 "height":0,
                 "id":49,
                 "name":"",
                 "rotation":0,
                 "type":"",
                 "visible":true,
                 "width":0,
                 "x":669.379610443431,
                 "y":389.643493576461
                }, 
                {
                 "height":0,
                 "id":51,
                 "name":"",
                 "rotation":0,
                 "type":"",
                 "visible":true,
                 "width":0,
                 "x":648.748135101533,
                 "y":389.893493576461
                }, 
                {
                 "height":0,
                 "id":52,
                 "name":"",
                 "rotation":0,
                 "type":"",
                 "visible":true,
                 "width":0,
                 "x":629.600497306258,
                 "y":389.888106092002
                }, 
                {
                 "height":0,
                 "id":53,
                 "name":"",
                 "rotation":0,
                 "type":"",
                 "visible":true,
                 "width":0,
                 "x":609.952859510982,
                 "y":510.502382925819
                }, 
                {
                 "height":0,
                 "id":54,
                 "name":"",
                 "rotation":0,
                 "type":"",
                 "visible":true,
                 "width":0,
                 "x":610.447472026523,
                 "y":490.343970161625
                }, 
                {
                 "height":0,
                 "id":55,
                 "name":"",
                 "rotation":0,
                 "type":"",
                 "visible":true,
                 "width":0,
                 "x":610.442084542064,
                 "y":469.951719850808
                }, 
                {
                 "height":0,
                 "id":56,
                 "name":"",
                 "rotation":0,
                 "type":"",
                 "visible":true,
                 "width":0,
                 "x":610.436697057605,
                 "y":450.309469539992
                }, 
                {
                 "height":0,
                 "id":57,
                 "name":"",
                 "rotation":0,
                 "type":"",
                 "visible":true,
                 "width":0,
                 "x":609.936697057605,
                 "y":429.672606713635
                }, 
                {
                 "height":0,
                 "id":58,
                 "name":"",
                 "rotation":0,
                 "type":"",
                 "visible":true,
                 "width":0,
                 "x":609.936697057605,
                 "y":409.7695814339
                }, 
                {
                 "height":0,
                 "id":61,
                 "name":"",
                 "rotation":0,
                 "type":"",
                 "visible":true,
                 "width":0,
                 "x":730,
                 "y":190.5
                }, 
                {
                 "height":0,
                 "id":62,
                 "name":"",
                 "rotation":0,
                 "type":"",
                 "visible":true,
                 "width":0,
                 "x":710.25,
                 "y":170.25
                }, 
                {
                 "height":0,
                 "id":63,
                 "name":"",
                 "rotation":0,
                 "type":"",
                 "visible":true,
                 "width":0,
                 "x":690.25,
                 "y":150
                }, 
                {
                 "height":0,
                 "id":64,
                 "name":"",
                 "rotation":0,
                 "type":"",
                 "visible":true,
                 "width":0,
                 "x":669.5,
                 "y":129.75
                }, 
                {
                 "height":0,
                 "id":65,
                 "name":"",
                 "rotation":0,
                 "type":"",
                 "visible":true,
                 "width":0,
                 "x":649.75,
                 "y":110
                }, 
                {
                 "height":0,
                 "id":66,
                 "name":"",
                 "rotation":0,
                 "type":"",
                 "visible":true,
                 "width":0,
                 "x":630.5,
                 "y":89.5
                }, 
                {
                 "height":0,
                 "id":67,
                 "name":"",
                 "rotation":0,
                 "type":"",
                 "visible":true,
                 "width":0,
                 "x":609.75,
                 "y":89.5
                }, 
                {
                 "height":0,
                 "id":68,
                 "name":"",
                 "rotation":0,
                 "type":"",
                 "visible":true,
                 "width":0,
                 "x":609.958246995441,
                 "y":69.3836510567758
                }, 
                {
                 "height":0,
                 "id":70,
                 "name":"",
                 "rotation":0,
                 "type":"",
                 "visible":true,
                 "width":0,
                 "x":609.697472026523,
                 "y":49.230625777041
                }, 
                {
                 "height":0,
                 "id":71,
                 "name":"",
                 "rotation":0,
                 "type":"",
                 "visible":true,
                 "width":0,
                 "x":609.697472026523,
                 "y":29.349150435143
                }, 
                {
                 "height":0,
                 "id":72,
                 "name":"",
                 "rotation":0,
                 "type":"",
                 "visible":true,
                 "width":0,
                 "x":609.947472026523,
                 "y":9.45690012432657
                }],
         "opacity":1,
         "type":"objectgroup",
         "visible":true,
         "x":0,
         "y":0
        }, 
        {
         "draworder":"topdown",
         "id":6,
         "name":"Spikes_2",
         "objects":[
                {
                 "height":0,
                 "id":77,
                 "name":"",
                 "rotation":0,
                 "type":"",
                 "visible":true,
                 "width":0,
                 "x":90,
                 "y":209
                }, 
                {
                 "height":0,
                 "id":78,
                 "name":"",
                 "rotation":0,
                 "type":"",
                 "visible":true,
                 "width":0,
                 "x":90,
                 "y":239.090909090909
                }, 
                {
                 "height":0,
                 "id":79,
                 "name":"",
                 "rotation":0,
                 "type":"",
                 "visible":true,
                 "width":0,
                 "x":89.8181818181818,
                 "y":267.636363636364
                }, 
                {
                 "height":0,
                 "id":80,
                 "name":"",
                 "rotation":0,
                 "type":"",
                 "visible":true,
                 "width":0,
                 "x":90,
                 "y":294
                }, 
                {
                 "height":0,
                 "id":81,
                 "name":"",
                 "rotation":0,
                 "type":"",
                 "visible":true,
                 "width":0,
                 "x":90.1818181818182,
                 "y":319.454545454545
                }, 
                {
                 "height":0,
                 "id":85,
                 "name":"",
                 "rotation":0,
                 "type":"",
                 "visible":true,
                 "width":0,
                 "x":210,
                 "y":209.666666666667
                }, 
                {
                 "height":0,
                 "id":86,
                 "name":"",
                 "rotation":0,
                 "type":"",
                 "visible":true,
                 "width":0,
                 "x":230.333333333333,
                 "y":190
                }, 
                {
                 "height":0,
                 "id":87,
                 "name":"",
                 "rotation":0,
                 "type":"",
                 "visible":true,
                 "width":0,
                 "x":250.333333333333,
                 "y":170
                }, 
                {
                 "height":0,
                 "id":88,
                 "name":"",
                 "rotation":0,
                 "type":"",
                 "visible":true,
                 "width":0,
                 "x":269.666666666667,
                 "y":149.666666666667
                }, 
                {
                 "height":0,
                 "id":89,
                 "name":"",
                 "rotation":0,
                 "type":"",
                 "visible":true,
                 "width":0,
                 "x":290.333333333333,
                 "y":130
                }, 
                {
                 "height":0,
                 "id":90,
                 "name":"",
                 "rotation":0,
                 "type":"",
                 "visible":true,
                 "width":0,
                 "x":310.25,
                 "y":110
                }, 
                {
                 "height":0,
                 "id":91,
                 "name":"",
                 "rotation":0,
                 "type":"",
                 "visible":true,
                 "width":0,
                 "x":329.75,
                 "y":90.5
                }, 
                {
                 "height":0,
                 "id":92,
                 "name":"",
                 "rotation":0,
                 "type":"",
                 "visible":true,
                 "width":0,
                 "x":350.5,
                 "y":90.25
                }, 
                {
                 "height":0,
                 "id":93,
                 "name":"",
                 "rotation":0,
                 "type":"",
                 "visible":true,
                 "width":0,
                 "x":350.333333333333,
                 "y":70
                }, 
                {
                 "height":0,
                 "id":94,
                 "name":"",
                 "rotation":0,
                 "type":"",
                 "visible":true,
                 "width":0,
                 "x":350,
                 "y":50
                }, 
                {
                 "height":0,
                 "id":97,
                 "name":"",
                 "rotation":0,
                 "type":"",
                 "visible":true,
                 "width":0,
                 "x":350,
                 "y":29.6666666666667
                }, 
                {
                 "height":0,
                 "id":98,
                 "name":"",
                 "rotation":0,
                 "type":"",
                 "visible":true,
                 "width":0,
                 "x":350,
                 "y":9.33333333333333
                }, 
                {
                 "height":0,
                 "id":99,
                 "name":"",
                 "rotation":0,
                 "type":"",
                 "visible":true,
                 "width":0,
                 "x":209.666666666667,
                 "y":329.666666666667
                }, 
                {
                 "height":0,
                 "id":100,
                 "name":"",
                 "rotation":0,
                 "type":"",
                 "visible":true,
                 "width":0,
                 "x":229.666666666667,
                 "y":349.666666666667
                }, 
                {
                 "height":0,
                 "id":101,
                 "name":"",
                 "rotation":0,
                 "type":"",
                 "visible":true,
                 "width":0,
                 "x":250,
                 "y":370
                }, 
                {
                 "height":0,
                 "id":102,
                 "name":"",
                 "rotation":0,
                 "type":"",
                 "visible":true,
                 "width":0,
                 "x":270.333333333333,
                 "y":390.333333333333
                }, 
                {
                 "height":0,
                 "id":103,
                 "name":"",
                 "rotation":0,
                 "type":"",
                 "visible":true,
                 "width":0,
                 "x":290,
                 "y":410.333333333333
                }, 
                {
                 "height":0,
                 "id":104,
                 "name":"",
                 "rotation":0,
                 "type":"",
                 "visible":true,
                 "width":0,
                 "x":309.666666666667,
                 "y":430.666666666667
                }, 
                {
                 "height":0,
                 "id":105,
                 "name":"",
                 "rotation":0,
                 "type":"",
                 "visible":true,
                 "width":0,
                 "x":330,
                 "y":450
                }, 
                {
                 "height":0,
                 "id":106,
                 "name":"",
                 "rotation":0,
                 "type":"",
                 "visible":true,
                 "width":0,
                 "x":350.333333333333,
                 "y":450
                }, 
                {
                 "height":0,
                 "id":109,
                 "name":"",
                 "rotation":0,
                 "type":"",
                 "visible":true,
                 "width":0,
                 "x":350.333333333333,
                 "y":470.333333333333
                }, 
                {
                 "height":0,
                 "id":110,
                 "name":"",
                 "rotation":0,
                 "type":"",
                 "visible":true,
                 "width":0,
                 "x":350.333333333333,
                 "y":489.666666666667
                }, 
                {
                 "height":0,
                 "id":111,
                 "name":"",
                 "rotation":0,
                 "type":"",
                 "visible":true,
                 "width":0,
                 "x":350.333333333333,
                 "y":509.333333333333
                }, 
                {
                 "height":0,
                 "id":112,
                 "name":"",
                 "rotation":0,
                 "type":"",
                 "visible":true,
                 "width":0,
                 "x":350.333333333333,
                 "y":530.666666666667
                }],
         "opacity":1,
         "type":"objectgroup",
         "visible":true,
         "x":0,
         "y":0
        }],
 "nextlayerid":7,
 "nextobjectid":113,
 "orientation":"orthogonal",
 "renderorder":"right-down",
 "tiledversion":"1.8.2",
 "tileheight":20,
 "tilesets":[
        {
         "columns":1,
         "firstgid":1,
         "image":"..\/img\/0000.png",
         "imageheight":20,
         "imagewidth":20,
         "margin":0,
         "name":"agua",
         "properties":[
                {
                 "name":"Colisionable",
                 "type":"bool",
                 "value":true
                }],
         "spacing":0,
         "tilecount":1,
         "tileheight":20,
         "tilewidth":20
        }, 
        {
         "columns":1,
         "firstgid":2,
         "image":"..\/img\/barrel_1.png",
         "imageheight":28,
         "imagewidth":20,
         "margin":0,
         "name":"Barril",
         "properties":[
                {
                 "name":"Colisionable",
                 "type":"bool",
                 "value":true
                }],
         "spacing":0,
         "tilecount":1,
         "tileheight":28,
         "tilewidth":20
        }, 
        {
         "columns":1,
         "firstgid":3,
         "image":"..\/img\/wall_rock_1.png",
         "imageheight":30,
         "imagewidth":20,
         "margin":0,
         "name":"roca",
         "properties":[
                {
                 "name":"Colisionable",
                 "type":"bool",
                 "value":true
                }],
         "spacing":0,
         "tilecount":1,
         "tileheight":30,
         "tilewidth":20
        }, 
        {
         "columns":1,
         "firstgid":4,
         "image":"..\/img\/brick_1.png",
         "imageheight":30,
         "imagewidth":20,
         "margin":0,
         "name":"Muro",
         "properties":[
                {
                 "name":"Colisionable",
                 "type":"bool",
                 "value":true
                }],
         "spacing":0,
         "tilecount":1,
         "tileheight":30,
         "tilewidth":20
        }, 
        {
         "columns":1,
         "firstgid":5,
         "image":"..\/img\/fondo.png",
         "imageheight":20,
         "imagewidth":20,
         "margin":0,
         "name":"fondo",
         "properties":[
                {
                 "name":"Colisionable",
                 "type":"bool",
                 "value":false
                }],
         "spacing":0,
         "tilecount":1,
         "tileheight":20,
         "tilewidth":20
        }, 
        {
         "columns":1,
         "firstgid":6,
         "image":"img\/fondo_2.png",
         "imageheight":20,
         "imagewidth":20,
         "margin":0,
         "name":"fondo_2",
         "properties":[
                {
                 "name":"Colisionable",
                 "type":"bool",
                 "value":false
                }],
         "spacing":0,
         "tilecount":1,
         "tileheight":20,
         "tilewidth":20
        }, 
        {
         "columns":1,
         "firstgid":7,
         "image":"..\/img\/crate_1.png",
         "imageheight":30,
         "imagewidth":20,
         "margin":0,
         "name":"Caja",
         "properties":[
                {
                 "name":"Colisionable",
                 "type":"bool",
                 "value":true
                }],
         "spacing":0,
         "tilecount":1,
         "tileheight":30,
         "tilewidth":20
        }, 
        {
         "columns":1,
         "firstgid":8,
         "image":"img\/bones_1.png",
         "imageheight":32,
         "imagewidth":20,
         "margin":0,
         "name":"bones_1",
         "properties":[
                {
                 "name":"Colisionable",
                 "type":"bool",
                 "value":true
                }],
         "spacing":0,
         "tilecount":1,
         "tileheight":32,
         "tilewidth":20
        }, 
        {
         "columns":1,
         "firstgid":9,
         "image":"..\/img\/grass_2.png",
         "imageheight":30,
         "imagewidth":20,
         "margin":0,
         "name":"Hierba",
         "properties":[
                {
                 "name":"Colisionable",
                 "type":"bool",
                 "value":true
                }],
         "spacing":0,
         "tilecount":1,
         "tileheight":30,
         "tilewidth":20
        }, 
        {
         "columns":1,
         "firstgid":10,
         "image":"img\/0101_A.png",
         "imageheight":37,
         "imagewidth":20,
         "margin":0,
         "name":"Farola",
         "properties":[
                {
                 "name":"Colisionable",
                 "type":"bool",
                 "value":true
                }],
         "spacing":0,
         "tilecount":1,
         "tileheight":37,
         "tilewidth":20
        }],
 "tilewidth":20,
 "type":"map",
 "version":"1.8",
 "width":47
}