{"frames": [

{
	"filename": "Attack_000.png",
	"frame": {"x":200,"y":0,"w":31,"h":40},
	"rotated": false,
	"trimmed": false,
	"spriteSourceSize": {"x":0,"y":0,"w":31,"h":40},
	"sourceSize": {"w":31,"h":40}
},
{
	"filename": "Attack_001.png",
	"frame": {"x":0,"y":40,"w":31,"h":40},
	"rotated": false,
	"trimmed": false,
	"spriteSourceSize": {"x":0,"y":0,"w":31,"h":40},
	"sourceSize": {"w":31,"h":40}
},
{
	"filename": "Attack_002.png",
	"frame": {"x":31,"y":40,"w":31,"h":40},
	"rotated": false,
	"trimmed": false,
	"spriteSourceSize": {"x":0,"y":0,"w":31,"h":40},
	"sourceSize": {"w":31,"h":40}
},
{
	"filename": "Attack_003.png",
	"frame": {"x":62,"y":40,"w":31,"h":40},
	"rotated": false,
	"trimmed": false,
	"spriteSourceSize": {"x":0,"y":0,"w":31,"h":40},
	"sourceSize": {"w":31,"h":40}
},
{
	"filename": "Attack_004.png",
	"frame": {"x":93,"y":40,"w":31,"h":40},
	"rotated": false,
	"trimmed": false,
	"spriteSourceSize": {"x":0,"y":0,"w":31,"h":40},
	"sourceSize": {"w":31,"h":40}
},
{
	"filename": "Attack_005.png",
	"frame": {"x":124,"y":40,"w":31,"h":40},
	"rotated": false,
	"trimmed": false,
	"spriteSourceSize": {"x":0,"y":0,"w":31,"h":40},
	"sourceSize": {"w":31,"h":40}
},
{
	"filename": "Attack_006.png",
	"frame": {"x":155,"y":40,"w":31,"h":40},
	"rotated": false,
	"trimmed": false,
	"spriteSourceSize": {"x":0,"y":0,"w":31,"h":40},
	"sourceSize": {"w":31,"h":40}
},
{
	"filename": "Attack_007.png",
	"frame": {"x":186,"y":40,"w":31,"h":40},
	"rotated": false,
	"trimmed": false,
	"spriteSourceSize": {"x":0,"y":0,"w":31,"h":40},
	"sourceSize": {"w":31,"h":40}
},
{
	"filename": "Attack_008.png",
	"frame": {"x":217,"y":40,"w":31,"h":40},
	"rotated": false,
	"trimmed": false,
	"spriteSourceSize": {"x":0,"y":0,"w":31,"h":40},
	"sourceSize": {"w":31,"h":40}
},
{
	"filename": "Attack_009.png",
	"frame": {"x":0,"y":80,"w":31,"h":40},
	"rotated": false,
	"trimmed": false,
	"spriteSourceSize": {"x":0,"y":0,"w":31,"h":40},
	"sourceSize": {"w":31,"h":40}
},
{
	"filename": "Attack_010.png",
	"frame": {"x":31,"y":80,"w":31,"h":40},
	"rotated": false,
	"trimmed": false,
	"spriteSourceSize": {"x":0,"y":0,"w":31,"h":40},
	"sourceSize": {"w":31,"h":40}
},
{
	"filename": "Attack_011.png",
	"frame": {"x":62,"y":80,"w":31,"h":40},
	"rotated": false,
	"trimmed": false,
	"spriteSourceSize": {"x":0,"y":0,"w":31,"h":40},
	"sourceSize": {"w":31,"h":40}
},
{
	"filename": "Dying_000.png",
	"frame": {"x":84,"y":0,"w":29,"h":40},
	"rotated": false,
	"trimmed": false,
	"spriteSourceSize": {"x":0,"y":0,"w":29,"h":40},
	"sourceSize": {"w":29,"h":40}
},
{
	"filename": "Dying_001.png",
	"frame": {"x":113,"y":0,"w":29,"h":40},
	"rotated": false,
	"trimmed": false,
	"spriteSourceSize": {"x":0,"y":0,"w":29,"h":40},
	"sourceSize": {"w":29,"h":40}
},
{
	"filename": "Dying_002.png",
	"frame": {"x":142,"y":0,"w":29,"h":40},
	"rotated": false,
	"trimmed": false,
	"spriteSourceSize": {"x":0,"y":0,"w":29,"h":40},
	"sourceSize": {"w":29,"h":40}
},
{
	"filename": "Dying_003.png",
	"frame": {"x":0,"y":0,"w":28,"h":40},
	"rotated": false,
	"trimmed": false,
	"spriteSourceSize": {"x":0,"y":0,"w":28,"h":40},
	"sourceSize": {"w":28,"h":40}
},
{
	"filename": "Dying_004.png",
	"frame": {"x":28,"y":0,"w":28,"h":40},
	"rotated": false,
	"trimmed": false,
	"spriteSourceSize": {"x":0,"y":0,"w":28,"h":40},
	"sourceSize": {"w":28,"h":40}
},
{
	"filename": "Dying_005.png",
	"frame": {"x":56,"y":0,"w":28,"h":40},
	"rotated": false,
	"trimmed": false,
	"spriteSourceSize": {"x":0,"y":0,"w":28,"h":40},
	"sourceSize": {"w":28,"h":40}
},
{
	"filename": "Dying_006.png",
	"frame": {"x":171,"y":0,"w":29,"h":40},
	"rotated": false,
	"trimmed": false,
	"spriteSourceSize": {"x":0,"y":0,"w":29,"h":40},
	"sourceSize": {"w":29,"h":40}
},
{
	"filename": "Dying_007.png",
	"frame": {"x":93,"y":80,"w":32,"h":40},
	"rotated": false,
	"trimmed": false,
	"spriteSourceSize": {"x":0,"y":0,"w":32,"h":40},
	"sourceSize": {"w":32,"h":40}
},
{
	"filename": "Dying_008.png",
	"frame": {"x":102,"y":200,"w":38,"h":40},
	"rotated": false,
	"trimmed": false,
	"spriteSourceSize": {"x":0,"y":0,"w":38,"h":40},
	"sourceSize": {"w":38,"h":40}
},
{
	"filename": "Dying_009.png",
	"frame": {"x":140,"y":200,"w":40,"h":33},
	"rotated": false,
	"trimmed": false,
	"spriteSourceSize": {"x":0,"y":0,"w":40,"h":33},
	"sourceSize": {"w":40,"h":33}
},
{
	"filename": "Dying_010.png",
	"frame": {"x":180,"y":200,"w":40,"h":29},
	"rotated": false,
	"trimmed": false,
	"spriteSourceSize": {"x":0,"y":0,"w":40,"h":29},
	"sourceSize": {"w":40,"h":29}
},
{
	"filename": "Dying_011.png",
	"frame": {"x":0,"y":240,"w":40,"h":27},
	"rotated": false,
	"trimmed": false,
	"spriteSourceSize": {"x":0,"y":0,"w":40,"h":27},
	"sourceSize": {"w":40,"h":27}
},
{
	"filename": "Dying_012.png",
	"frame": {"x":40,"y":240,"w":40,"h":27},
	"rotated": false,
	"trimmed": false,
	"spriteSourceSize": {"x":0,"y":0,"w":40,"h":27},
	"sourceSize": {"w":40,"h":27}
},
{
	"filename": "Dying_013.png",
	"frame": {"x":80,"y":240,"w":40,"h":27},
	"rotated": false,
	"trimmed": false,
	"spriteSourceSize": {"x":0,"y":0,"w":40,"h":27},
	"sourceSize": {"w":40,"h":27}
},
{
	"filename": "Dying_014.png",
	"frame": {"x":120,"y":240,"w":40,"h":27},
	"rotated": false,
	"trimmed": false,
	"spriteSourceSize": {"x":0,"y":0,"w":40,"h":27},
	"sourceSize": {"w":40,"h":27}
},
{
	"filename": "Idle_000.png",
	"frame": {"x":125,"y":80,"w":33,"h":40},
	"rotated": false,
	"trimmed": false,
	"spriteSourceSize": {"x":0,"y":0,"w":33,"h":40},
	"sourceSize": {"w":33,"h":40}
},
{
	"filename": "Idle_001.png",
	"frame": {"x":158,"y":80,"w":33,"h":40},
	"rotated": false,
	"trimmed": false,
	"spriteSourceSize": {"x":0,"y":0,"w":33,"h":40},
	"sourceSize": {"w":33,"h":40}
},
{
	"filename": "Idle_002.png",
	"frame": {"x":191,"y":80,"w":33,"h":40},
	"rotated": false,
	"trimmed": false,
	"spriteSourceSize": {"x":0,"y":0,"w":33,"h":40},
	"sourceSize": {"w":33,"h":40}
},
{
	"filename": "Idle_003.png",
	"frame": {"x":0,"y":120,"w":33,"h":40},
	"rotated": false,
	"trimmed": false,
	"spriteSourceSize": {"x":0,"y":0,"w":33,"h":40},
	"sourceSize": {"w":33,"h":40}
},
{
	"filename": "Idle_004.png",
	"frame": {"x":33,"y":120,"w":33,"h":40},
	"rotated": false,
	"trimmed": false,
	"spriteSourceSize": {"x":0,"y":0,"w":33,"h":40},
	"sourceSize": {"w":33,"h":40}
},
{
	"filename": "Idle_005.png",
	"frame": {"x":66,"y":120,"w":33,"h":40},
	"rotated": false,
	"trimmed": false,
	"spriteSourceSize": {"x":0,"y":0,"w":33,"h":40},
	"sourceSize": {"w":33,"h":40}
},
{
	"filename": "Idle_006.png",
	"frame": {"x":99,"y":120,"w":33,"h":40},
	"rotated": false,
	"trimmed": false,
	"spriteSourceSize": {"x":0,"y":0,"w":33,"h":40},
	"sourceSize": {"w":33,"h":40}
},
{
	"filename": "Idle_007.png",
	"frame": {"x":132,"y":120,"w":33,"h":40},
	"rotated": false,
	"trimmed": false,
	"spriteSourceSize": {"x":0,"y":0,"w":33,"h":40},
	"sourceSize": {"w":33,"h":40}
},
{
	"filename": "Idle_008.png",
	"frame": {"x":165,"y":120,"w":33,"h":40},
	"rotated": false,
	"trimmed": false,
	"spriteSourceSize": {"x":0,"y":0,"w":33,"h":40},
	"sourceSize": {"w":33,"h":40}
},
{
	"filename": "Idle_009.png",
	"frame": {"x":198,"y":120,"w":33,"h":40},
	"rotated": false,
	"trimmed": false,
	"spriteSourceSize": {"x":0,"y":0,"w":33,"h":40},
	"sourceSize": {"w":33,"h":40}
},
{
	"filename": "Idle_010.png",
	"frame": {"x":0,"y":160,"w":33,"h":40},
	"rotated": false,
	"trimmed": false,
	"spriteSourceSize": {"x":0,"y":0,"w":33,"h":40},
	"sourceSize": {"w":33,"h":40}
},
{
	"filename": "Idle_011.png",
	"frame": {"x":33,"y":160,"w":33,"h":40},
	"rotated": false,
	"trimmed": false,
	"spriteSourceSize": {"x":0,"y":0,"w":33,"h":40},
	"sourceSize": {"w":33,"h":40}
},
{
	"filename": "Walking_000.png",
	"frame": {"x":66,"y":160,"w":34,"h":40},
	"rotated": false,
	"trimmed": false,
	"spriteSourceSize": {"x":0,"y":0,"w":34,"h":40},
	"sourceSize": {"w":34,"h":40}
},
{
	"filename": "Walking_001.png",
	"frame": {"x":100,"y":160,"w":34,"h":40},
	"rotated": false,
	"trimmed": false,
	"spriteSourceSize": {"x":0,"y":0,"w":34,"h":40},
	"sourceSize": {"w":34,"h":40}
},
{
	"filename": "Walking_002.png",
	"frame": {"x":134,"y":160,"w":34,"h":40},
	"rotated": false,
	"trimmed": false,
	"spriteSourceSize": {"x":0,"y":0,"w":34,"h":40},
	"sourceSize": {"w":34,"h":40}
},
{
	"filename": "Walking_003.png",
	"frame": {"x":168,"y":160,"w":34,"h":40},
	"rotated": false,
	"trimmed": false,
	"spriteSourceSize": {"x":0,"y":0,"w":34,"h":40},
	"sourceSize": {"w":34,"h":40}
},
{
	"filename": "Walking_004.png",
	"frame": {"x":202,"y":160,"w":34,"h":40},
	"rotated": false,
	"trimmed": false,
	"spriteSourceSize": {"x":0,"y":0,"w":34,"h":40},
	"sourceSize": {"w":34,"h":40}
},
{
	"filename": "Walking_005.png",
	"frame": {"x":0,"y":200,"w":34,"h":40},
	"rotated": false,
	"trimmed": false,
	"spriteSourceSize": {"x":0,"y":0,"w":34,"h":40},
	"sourceSize": {"w":34,"h":40}
},
{
	"filename": "Walking_006.png",
	"frame": {"x":34,"y":200,"w":34,"h":40},
	"rotated": false,
	"trimmed": false,
	"spriteSourceSize": {"x":0,"y":0,"w":34,"h":40},
	"sourceSize": {"w":34,"h":40}
},
{
	"filename": "Walking_007.png",
	"frame": {"x":68,"y":200,"w":34,"h":40},
	"rotated": false,
	"trimmed": false,
	"spriteSourceSize": {"x":0,"y":0,"w":34,"h":40},
	"sourceSize": {"w":34,"h":40}
}],
"meta": {
	"app": "https://www.codeandweb.com/texturepacker",
	"version": "1.0",
	"image": "enemigo2.png",
	"format": "RGBA8888",
	"size": {"w":248,"h":267},
	"scale": "1",
	"smartupdate": "$TexturePacker:SmartUpdate:5d7a3262fe65560e9f06a35754ab82ad:83baac01056556ba2d8b15d436230fd2:f1afe66a0044721a9de2f1c1e0250929$"
}
}
