{"frames": [

{
	"filename": "Attack_000.png",
	"frame": {"x":120,"y":28,"w":30,"h":40},
	"rotated": false,
	"trimmed": false,
	"spriteSourceSize": {"x":0,"y":0,"w":30,"h":40},
	"sourceSize": {"w":30,"h":40}
},
{
	"filename": "Attack_001.png",
	"frame": {"x":150,"y":28,"w":30,"h":40},
	"rotated": false,
	"trimmed": false,
	"spriteSourceSize": {"x":0,"y":0,"w":30,"h":40},
	"sourceSize": {"w":30,"h":40}
},
{
	"filename": "Attack_002.png",
	"frame": {"x":180,"y":28,"w":30,"h":40},
	"rotated": false,
	"trimmed": false,
	"spriteSourceSize": {"x":0,"y":0,"w":30,"h":40},
	"sourceSize": {"w":30,"h":40}
},
{
	"filename": "Attack_003.png",
	"frame": {"x":210,"y":28,"w":30,"h":40},
	"rotated": false,
	"trimmed": false,
	"spriteSourceSize": {"x":0,"y":0,"w":30,"h":40},
	"sourceSize": {"w":30,"h":40}
},
{
	"filename": "Attack_004.png",
	"frame": {"x":0,"y":68,"w":30,"h":40},
	"rotated": false,
	"trimmed": false,
	"spriteSourceSize": {"x":0,"y":0,"w":30,"h":40},
	"sourceSize": {"w":30,"h":40}
},
{
	"filename": "Attack_005.png",
	"frame": {"x":30,"y":68,"w":30,"h":40},
	"rotated": false,
	"trimmed": false,
	"spriteSourceSize": {"x":0,"y":0,"w":30,"h":40},
	"sourceSize": {"w":30,"h":40}
},
{
	"filename": "Attack_006.png",
	"frame": {"x":60,"y":68,"w":30,"h":40},
	"rotated": false,
	"trimmed": false,
	"spriteSourceSize": {"x":0,"y":0,"w":30,"h":40},
	"sourceSize": {"w":30,"h":40}
},
{
	"filename": "Attack_007.png",
	"frame": {"x":90,"y":68,"w":30,"h":40},
	"rotated": false,
	"trimmed": false,
	"spriteSourceSize": {"x":0,"y":0,"w":30,"h":40},
	"sourceSize": {"w":30,"h":40}
},
{
	"filename": "Attack_008.png",
	"frame": {"x":120,"y":68,"w":30,"h":40},
	"rotated": false,
	"trimmed": false,
	"spriteSourceSize": {"x":0,"y":0,"w":30,"h":40},
	"sourceSize": {"w":30,"h":40}
},
{
	"filename": "Attack_009.png",
	"frame": {"x":150,"y":68,"w":30,"h":40},
	"rotated": false,
	"trimmed": false,
	"spriteSourceSize": {"x":0,"y":0,"w":30,"h":40},
	"sourceSize": {"w":30,"h":40}
},
{
	"filename": "Attack_010.png",
	"frame": {"x":180,"y":68,"w":30,"h":40},
	"rotated": false,
	"trimmed": false,
	"spriteSourceSize": {"x":0,"y":0,"w":30,"h":40},
	"sourceSize": {"w":30,"h":40}
},
{
	"filename": "Attack_011.png",
	"frame": {"x":210,"y":68,"w":30,"h":40},
	"rotated": false,
	"trimmed": false,
	"spriteSourceSize": {"x":0,"y":0,"w":30,"h":40},
	"sourceSize": {"w":30,"h":40}
},
{
	"filename": "Dying_000.png",
	"frame": {"x":0,"y":228,"w":28,"h":41},
	"rotated": false,
	"trimmed": false,
	"spriteSourceSize": {"x":0,"y":0,"w":28,"h":41},
	"sourceSize": {"w":28,"h":41}
},
{
	"filename": "Dying_001.png",
	"frame": {"x":60,"y":228,"w":28,"h":42},
	"rotated": false,
	"trimmed": false,
	"spriteSourceSize": {"x":0,"y":0,"w":28,"h":42},
	"sourceSize": {"w":28,"h":42}
},
{
	"filename": "Dying_002.png",
	"frame": {"x":118,"y":228,"w":28,"h":43},
	"rotated": false,
	"trimmed": false,
	"spriteSourceSize": {"x":0,"y":0,"w":28,"h":43},
	"sourceSize": {"w":28,"h":43}
},
{
	"filename": "Dying_003.png",
	"frame": {"x":146,"y":228,"w":28,"h":43},
	"rotated": false,
	"trimmed": false,
	"spriteSourceSize": {"x":0,"y":0,"w":28,"h":43},
	"sourceSize": {"w":28,"h":43}
},
{
	"filename": "Dying_004.png",
	"frame": {"x":174,"y":228,"w":28,"h":43},
	"rotated": false,
	"trimmed": false,
	"spriteSourceSize": {"x":0,"y":0,"w":28,"h":43},
	"sourceSize": {"w":28,"h":43}
},
{
	"filename": "Dying_005.png",
	"frame": {"x":88,"y":228,"w":30,"h":42},
	"rotated": false,
	"trimmed": false,
	"spriteSourceSize": {"x":0,"y":0,"w":30,"h":42},
	"sourceSize": {"w":30,"h":42}
},
{
	"filename": "Dying_006.png",
	"frame": {"x":28,"y":228,"w":32,"h":41},
	"rotated": false,
	"trimmed": false,
	"spriteSourceSize": {"x":0,"y":0,"w":32,"h":41},
	"sourceSize": {"w":32,"h":41}
},
{
	"filename": "Dying_007.png",
	"frame": {"x":84,"y":28,"w":36,"h":38},
	"rotated": false,
	"trimmed": false,
	"spriteSourceSize": {"x":0,"y":0,"w":36,"h":38},
	"sourceSize": {"w":36,"h":38}
},
{
	"filename": "Dying_008.png",
	"frame": {"x":44,"y":28,"w":40,"h":35},
	"rotated": false,
	"trimmed": false,
	"spriteSourceSize": {"x":0,"y":0,"w":40,"h":35},
	"sourceSize": {"w":40,"h":35}
},
{
	"filename": "Dying_009.png",
	"frame": {"x":0,"y":28,"w":44,"h":30},
	"rotated": false,
	"trimmed": false,
	"spriteSourceSize": {"x":0,"y":0,"w":44,"h":30},
	"sourceSize": {"w":44,"h":30}
},
{
	"filename": "Dying_010.png",
	"frame": {"x":0,"y":0,"w":46,"h":28},
	"rotated": false,
	"trimmed": false,
	"spriteSourceSize": {"x":0,"y":0,"w":46,"h":28},
	"sourceSize": {"w":46,"h":28}
},
{
	"filename": "Dying_011.png",
	"frame": {"x":46,"y":0,"w":44,"h":28},
	"rotated": false,
	"trimmed": false,
	"spriteSourceSize": {"x":0,"y":0,"w":44,"h":28},
	"sourceSize": {"w":44,"h":28}
},
{
	"filename": "Dying_012.png",
	"frame": {"x":90,"y":0,"w":45,"h":28},
	"rotated": false,
	"trimmed": false,
	"spriteSourceSize": {"x":0,"y":0,"w":45,"h":28},
	"sourceSize": {"w":45,"h":28}
},
{
	"filename": "Dying_013.png",
	"frame": {"x":135,"y":0,"w":44,"h":28},
	"rotated": false,
	"trimmed": false,
	"spriteSourceSize": {"x":0,"y":0,"w":44,"h":28},
	"sourceSize": {"w":44,"h":28}
},
{
	"filename": "Dying_014.png",
	"frame": {"x":179,"y":0,"w":45,"h":28},
	"rotated": false,
	"trimmed": false,
	"spriteSourceSize": {"x":0,"y":0,"w":45,"h":28},
	"sourceSize": {"w":45,"h":28}
},
{
	"filename": "Idle_000.png",
	"frame": {"x":0,"y":108,"w":30,"h":40},
	"rotated": false,
	"trimmed": false,
	"spriteSourceSize": {"x":0,"y":0,"w":30,"h":40},
	"sourceSize": {"w":30,"h":40}
},
{
	"filename": "Idle_001.png",
	"frame": {"x":30,"y":108,"w":30,"h":40},
	"rotated": false,
	"trimmed": false,
	"spriteSourceSize": {"x":0,"y":0,"w":30,"h":40},
	"sourceSize": {"w":30,"h":40}
},
{
	"filename": "Idle_002.png",
	"frame": {"x":60,"y":108,"w":30,"h":40},
	"rotated": false,
	"trimmed": false,
	"spriteSourceSize": {"x":0,"y":0,"w":30,"h":40},
	"sourceSize": {"w":30,"h":40}
},
{
	"filename": "Idle_003.png",
	"frame": {"x":90,"y":108,"w":30,"h":40},
	"rotated": false,
	"trimmed": false,
	"spriteSourceSize": {"x":0,"y":0,"w":30,"h":40},
	"sourceSize": {"w":30,"h":40}
},
{
	"filename": "Idle_004.png",
	"frame": {"x":120,"y":108,"w":30,"h":40},
	"rotated": false,
	"trimmed": false,
	"spriteSourceSize": {"x":0,"y":0,"w":30,"h":40},
	"sourceSize": {"w":30,"h":40}
},
{
	"filename": "Idle_005.png",
	"frame": {"x":150,"y":108,"w":30,"h":40},
	"rotated": false,
	"trimmed": false,
	"spriteSourceSize": {"x":0,"y":0,"w":30,"h":40},
	"sourceSize": {"w":30,"h":40}
},
{
	"filename": "Idle_006.png",
	"frame": {"x":180,"y":108,"w":30,"h":40},
	"rotated": false,
	"trimmed": false,
	"spriteSourceSize": {"x":0,"y":0,"w":30,"h":40},
	"sourceSize": {"w":30,"h":40}
},
{
	"filename": "Idle_007.png",
	"frame": {"x":210,"y":108,"w":30,"h":40},
	"rotated": false,
	"trimmed": false,
	"spriteSourceSize": {"x":0,"y":0,"w":30,"h":40},
	"sourceSize": {"w":30,"h":40}
},
{
	"filename": "Idle_008.png",
	"frame": {"x":0,"y":148,"w":30,"h":40},
	"rotated": false,
	"trimmed": false,
	"spriteSourceSize": {"x":0,"y":0,"w":30,"h":40},
	"sourceSize": {"w":30,"h":40}
},
{
	"filename": "Idle_009.png",
	"frame": {"x":30,"y":148,"w":30,"h":40},
	"rotated": false,
	"trimmed": false,
	"spriteSourceSize": {"x":0,"y":0,"w":30,"h":40},
	"sourceSize": {"w":30,"h":40}
},
{
	"filename": "Idle_010.png",
	"frame": {"x":60,"y":148,"w":30,"h":40},
	"rotated": false,
	"trimmed": false,
	"spriteSourceSize": {"x":0,"y":0,"w":30,"h":40},
	"sourceSize": {"w":30,"h":40}
},
{
	"filename": "Idle_011.png",
	"frame": {"x":90,"y":148,"w":30,"h":40},
	"rotated": false,
	"trimmed": false,
	"spriteSourceSize": {"x":0,"y":0,"w":30,"h":40},
	"sourceSize": {"w":30,"h":40}
},
{
	"filename": "Walking_000.png",
	"frame": {"x":120,"y":148,"w":30,"h":40},
	"rotated": false,
	"trimmed": false,
	"spriteSourceSize": {"x":0,"y":0,"w":30,"h":40},
	"sourceSize": {"w":30,"h":40}
},
{
	"filename": "Walking_001.png",
	"frame": {"x":150,"y":148,"w":30,"h":40},
	"rotated": false,
	"trimmed": false,
	"spriteSourceSize": {"x":0,"y":0,"w":30,"h":40},
	"sourceSize": {"w":30,"h":40}
},
{
	"filename": "Walking_002.png",
	"frame": {"x":180,"y":148,"w":30,"h":40},
	"rotated": false,
	"trimmed": false,
	"spriteSourceSize": {"x":0,"y":0,"w":30,"h":40},
	"sourceSize": {"w":30,"h":40}
},
{
	"filename": "Walking_003.png",
	"frame": {"x":210,"y":148,"w":30,"h":40},
	"rotated": false,
	"trimmed": false,
	"spriteSourceSize": {"x":0,"y":0,"w":30,"h":40},
	"sourceSize": {"w":30,"h":40}
},
{
	"filename": "Walking_004.png",
	"frame": {"x":0,"y":188,"w":30,"h":40},
	"rotated": false,
	"trimmed": false,
	"spriteSourceSize": {"x":0,"y":0,"w":30,"h":40},
	"sourceSize": {"w":30,"h":40}
},
{
	"filename": "Walking_005.png",
	"frame": {"x":30,"y":188,"w":30,"h":40},
	"rotated": false,
	"trimmed": false,
	"spriteSourceSize": {"x":0,"y":0,"w":30,"h":40},
	"sourceSize": {"w":30,"h":40}
},
{
	"filename": "Walking_006.png",
	"frame": {"x":60,"y":188,"w":30,"h":40},
	"rotated": false,
	"trimmed": false,
	"spriteSourceSize": {"x":0,"y":0,"w":30,"h":40},
	"sourceSize": {"w":30,"h":40}
},
{
	"filename": "Walking_007.png",
	"frame": {"x":90,"y":188,"w":30,"h":40},
	"rotated": false,
	"trimmed": false,
	"spriteSourceSize": {"x":0,"y":0,"w":30,"h":40},
	"sourceSize": {"w":30,"h":40}
},
{
	"filename": "Walking_008.png",
	"frame": {"x":120,"y":188,"w":30,"h":40},
	"rotated": false,
	"trimmed": false,
	"spriteSourceSize": {"x":0,"y":0,"w":30,"h":40},
	"sourceSize": {"w":30,"h":40}
},
{
	"filename": "Walking_009.png",
	"frame": {"x":150,"y":188,"w":30,"h":40},
	"rotated": false,
	"trimmed": false,
	"spriteSourceSize": {"x":0,"y":0,"w":30,"h":40},
	"sourceSize": {"w":30,"h":40}
},
{
	"filename": "Walking_010.png",
	"frame": {"x":180,"y":188,"w":30,"h":40},
	"rotated": false,
	"trimmed": false,
	"spriteSourceSize": {"x":0,"y":0,"w":30,"h":40},
	"sourceSize": {"w":30,"h":40}
},
{
	"filename": "Walking_011.png",
	"frame": {"x":210,"y":188,"w":30,"h":40},
	"rotated": false,
	"trimmed": false,
	"spriteSourceSize": {"x":0,"y":0,"w":30,"h":40},
	"sourceSize": {"w":30,"h":40}
}],
"meta": {
	"app": "https://www.codeandweb.com/texturepacker",
	"version": "1.0",
	"image": "enemigo1.png",
	"format": "RGBA8888",
	"size": {"w":240,"h":271},
	"scale": "1",
	"smartupdate": "$TexturePacker:SmartUpdate:2a9078b92cbc4131c75be010735f9018:762da28ca0c95c0a6ac0a24d34b7e4b6:f80fc2f21dc0cac767c6ba91cc05ddef$"
}
}
