{"frames": [

{
	"filename": "Attack_000.png",
	"frame": {"x":199,"y":0,"w":32,"h":40},
	"rotated": false,
	"trimmed": false,
	"spriteSourceSize": {"x":0,"y":0,"w":32,"h":40},
	"sourceSize": {"w":32,"h":40}
},
{
	"filename": "Attack_001.png",
	"frame": {"x":0,"y":40,"w":32,"h":40},
	"rotated": false,
	"trimmed": false,
	"spriteSourceSize": {"x":0,"y":0,"w":32,"h":40},
	"sourceSize": {"w":32,"h":40}
},
{
	"filename": "Attack_002.png",
	"frame": {"x":32,"y":40,"w":32,"h":40},
	"rotated": false,
	"trimmed": false,
	"spriteSourceSize": {"x":0,"y":0,"w":32,"h":40},
	"sourceSize": {"w":32,"h":40}
},
{
	"filename": "Attack_003.png",
	"frame": {"x":64,"y":40,"w":32,"h":40},
	"rotated": false,
	"trimmed": false,
	"spriteSourceSize": {"x":0,"y":0,"w":32,"h":40},
	"sourceSize": {"w":32,"h":40}
},
{
	"filename": "Attack_004.png",
	"frame": {"x":96,"y":40,"w":32,"h":40},
	"rotated": false,
	"trimmed": false,
	"spriteSourceSize": {"x":0,"y":0,"w":32,"h":40},
	"sourceSize": {"w":32,"h":40}
},
{
	"filename": "Attack_005.png",
	"frame": {"x":128,"y":40,"w":32,"h":40},
	"rotated": false,
	"trimmed": false,
	"spriteSourceSize": {"x":0,"y":0,"w":32,"h":40},
	"sourceSize": {"w":32,"h":40}
},
{
	"filename": "Attack_006.png",
	"frame": {"x":160,"y":40,"w":32,"h":40},
	"rotated": false,
	"trimmed": false,
	"spriteSourceSize": {"x":0,"y":0,"w":32,"h":40},
	"sourceSize": {"w":32,"h":40}
},
{
	"filename": "Attack_007.png",
	"frame": {"x":192,"y":40,"w":32,"h":40},
	"rotated": false,
	"trimmed": false,
	"spriteSourceSize": {"x":0,"y":0,"w":32,"h":40},
	"sourceSize": {"w":32,"h":40}
},
{
	"filename": "Attack_008.png",
	"frame": {"x":224,"y":40,"w":32,"h":40},
	"rotated": false,
	"trimmed": false,
	"spriteSourceSize": {"x":0,"y":0,"w":32,"h":40},
	"sourceSize": {"w":32,"h":40}
},
{
	"filename": "Attack_009.png",
	"frame": {"x":0,"y":80,"w":32,"h":40},
	"rotated": false,
	"trimmed": false,
	"spriteSourceSize": {"x":0,"y":0,"w":32,"h":40},
	"sourceSize": {"w":32,"h":40}
},
{
	"filename": "Attack_010.png",
	"frame": {"x":32,"y":80,"w":32,"h":40},
	"rotated": false,
	"trimmed": false,
	"spriteSourceSize": {"x":0,"y":0,"w":32,"h":40},
	"sourceSize": {"w":32,"h":40}
},
{
	"filename": "Attack_011.png",
	"frame": {"x":64,"y":80,"w":32,"h":40},
	"rotated": false,
	"trimmed": false,
	"spriteSourceSize": {"x":0,"y":0,"w":32,"h":40},
	"sourceSize": {"w":32,"h":40}
},
{
	"filename": "Dying_000.png",
	"frame": {"x":169,"y":0,"w":30,"h":40},
	"rotated": false,
	"trimmed": false,
	"spriteSourceSize": {"x":0,"y":0,"w":30,"h":40},
	"sourceSize": {"w":30,"h":40}
},
{
	"filename": "Dying_001.png",
	"frame": {"x":140,"y":0,"w":29,"h":40},
	"rotated": false,
	"trimmed": false,
	"spriteSourceSize": {"x":0,"y":0,"w":29,"h":40},
	"sourceSize": {"w":29,"h":40}
},
{
	"filename": "Dying_002.png",
	"frame": {"x":0,"y":0,"w":28,"h":40},
	"rotated": false,
	"trimmed": false,
	"spriteSourceSize": {"x":0,"y":0,"w":28,"h":40},
	"sourceSize": {"w":28,"h":40}
},
{
	"filename": "Dying_003.png",
	"frame": {"x":28,"y":0,"w":28,"h":40},
	"rotated": false,
	"trimmed": false,
	"spriteSourceSize": {"x":0,"y":0,"w":28,"h":40},
	"sourceSize": {"w":28,"h":40}
},
{
	"filename": "Dying_004.png",
	"frame": {"x":56,"y":0,"w":28,"h":40},
	"rotated": false,
	"trimmed": false,
	"spriteSourceSize": {"x":0,"y":0,"w":28,"h":40},
	"sourceSize": {"w":28,"h":40}
},
{
	"filename": "Dying_005.png",
	"frame": {"x":84,"y":0,"w":28,"h":40},
	"rotated": false,
	"trimmed": false,
	"spriteSourceSize": {"x":0,"y":0,"w":28,"h":40},
	"sourceSize": {"w":28,"h":40}
},
{
	"filename": "Dying_006.png",
	"frame": {"x":112,"y":0,"w":28,"h":40},
	"rotated": false,
	"trimmed": false,
	"spriteSourceSize": {"x":0,"y":0,"w":28,"h":40},
	"sourceSize": {"w":28,"h":40}
},
{
	"filename": "Dying_007.png",
	"frame": {"x":96,"y":200,"w":33,"h":40},
	"rotated": false,
	"trimmed": false,
	"spriteSourceSize": {"x":0,"y":0,"w":33,"h":40},
	"sourceSize": {"w":33,"h":40}
},
{
	"filename": "Dying_008.png",
	"frame": {"x":129,"y":200,"w":40,"h":40},
	"rotated": false,
	"trimmed": false,
	"spriteSourceSize": {"x":0,"y":0,"w":40,"h":40},
	"sourceSize": {"w":40,"h":40}
},
{
	"filename": "Dying_009.png",
	"frame": {"x":169,"y":200,"w":40,"h":31},
	"rotated": false,
	"trimmed": false,
	"spriteSourceSize": {"x":0,"y":0,"w":40,"h":31},
	"sourceSize": {"w":40,"h":31}
},
{
	"filename": "Dying_010.png",
	"frame": {"x":209,"y":200,"w":40,"h":28},
	"rotated": false,
	"trimmed": false,
	"spriteSourceSize": {"x":0,"y":0,"w":40,"h":28},
	"sourceSize": {"w":40,"h":28}
},
{
	"filename": "Dying_011.png",
	"frame": {"x":0,"y":240,"w":40,"h":28},
	"rotated": false,
	"trimmed": false,
	"spriteSourceSize": {"x":0,"y":0,"w":40,"h":28},
	"sourceSize": {"w":40,"h":28}
},
{
	"filename": "Dying_012.png",
	"frame": {"x":40,"y":240,"w":40,"h":28},
	"rotated": false,
	"trimmed": false,
	"spriteSourceSize": {"x":0,"y":0,"w":40,"h":28},
	"sourceSize": {"w":40,"h":28}
},
{
	"filename": "Dying_013.png",
	"frame": {"x":80,"y":240,"w":40,"h":28},
	"rotated": false,
	"trimmed": false,
	"spriteSourceSize": {"x":0,"y":0,"w":40,"h":28},
	"sourceSize": {"w":40,"h":28}
},
{
	"filename": "Dying_014.png",
	"frame": {"x":120,"y":240,"w":40,"h":28},
	"rotated": false,
	"trimmed": false,
	"spriteSourceSize": {"x":0,"y":0,"w":40,"h":28},
	"sourceSize": {"w":40,"h":28}
},
{
	"filename": "Idle_000.png",
	"frame": {"x":96,"y":80,"w":32,"h":40},
	"rotated": false,
	"trimmed": false,
	"spriteSourceSize": {"x":0,"y":0,"w":32,"h":40},
	"sourceSize": {"w":32,"h":40}
},
{
	"filename": "Idle_001.png",
	"frame": {"x":128,"y":80,"w":32,"h":40},
	"rotated": false,
	"trimmed": false,
	"spriteSourceSize": {"x":0,"y":0,"w":32,"h":40},
	"sourceSize": {"w":32,"h":40}
},
{
	"filename": "Idle_002.png",
	"frame": {"x":160,"y":80,"w":32,"h":40},
	"rotated": false,
	"trimmed": false,
	"spriteSourceSize": {"x":0,"y":0,"w":32,"h":40},
	"sourceSize": {"w":32,"h":40}
},
{
	"filename": "Idle_003.png",
	"frame": {"x":192,"y":80,"w":32,"h":40},
	"rotated": false,
	"trimmed": false,
	"spriteSourceSize": {"x":0,"y":0,"w":32,"h":40},
	"sourceSize": {"w":32,"h":40}
},
{
	"filename": "Idle_004.png",
	"frame": {"x":224,"y":80,"w":32,"h":40},
	"rotated": false,
	"trimmed": false,
	"spriteSourceSize": {"x":0,"y":0,"w":32,"h":40},
	"sourceSize": {"w":32,"h":40}
},
{
	"filename": "Idle_005.png",
	"frame": {"x":0,"y":120,"w":32,"h":40},
	"rotated": false,
	"trimmed": false,
	"spriteSourceSize": {"x":0,"y":0,"w":32,"h":40},
	"sourceSize": {"w":32,"h":40}
},
{
	"filename": "Idle_006.png",
	"frame": {"x":32,"y":120,"w":32,"h":40},
	"rotated": false,
	"trimmed": false,
	"spriteSourceSize": {"x":0,"y":0,"w":32,"h":40},
	"sourceSize": {"w":32,"h":40}
},
{
	"filename": "Idle_007.png",
	"frame": {"x":64,"y":120,"w":32,"h":40},
	"rotated": false,
	"trimmed": false,
	"spriteSourceSize": {"x":0,"y":0,"w":32,"h":40},
	"sourceSize": {"w":32,"h":40}
},
{
	"filename": "Idle_008.png",
	"frame": {"x":96,"y":120,"w":32,"h":40},
	"rotated": false,
	"trimmed": false,
	"spriteSourceSize": {"x":0,"y":0,"w":32,"h":40},
	"sourceSize": {"w":32,"h":40}
},
{
	"filename": "Idle_009.png",
	"frame": {"x":128,"y":120,"w":32,"h":40},
	"rotated": false,
	"trimmed": false,
	"spriteSourceSize": {"x":0,"y":0,"w":32,"h":40},
	"sourceSize": {"w":32,"h":40}
},
{
	"filename": "Idle_010.png",
	"frame": {"x":160,"y":120,"w":32,"h":40},
	"rotated": false,
	"trimmed": false,
	"spriteSourceSize": {"x":0,"y":0,"w":32,"h":40},
	"sourceSize": {"w":32,"h":40}
},
{
	"filename": "Idle_011.png",
	"frame": {"x":192,"y":120,"w":32,"h":40},
	"rotated": false,
	"trimmed": false,
	"spriteSourceSize": {"x":0,"y":0,"w":32,"h":40},
	"sourceSize": {"w":32,"h":40}
},
{
	"filename": "Walking_000.png",
	"frame": {"x":224,"y":120,"w":32,"h":40},
	"rotated": false,
	"trimmed": false,
	"spriteSourceSize": {"x":0,"y":0,"w":32,"h":40},
	"sourceSize": {"w":32,"h":40}
},
{
	"filename": "Walking_001.png",
	"frame": {"x":0,"y":160,"w":32,"h":40},
	"rotated": false,
	"trimmed": false,
	"spriteSourceSize": {"x":0,"y":0,"w":32,"h":40},
	"sourceSize": {"w":32,"h":40}
},
{
	"filename": "Walking_002.png",
	"frame": {"x":32,"y":160,"w":32,"h":40},
	"rotated": false,
	"trimmed": false,
	"spriteSourceSize": {"x":0,"y":0,"w":32,"h":40},
	"sourceSize": {"w":32,"h":40}
},
{
	"filename": "Walking_003.png",
	"frame": {"x":64,"y":160,"w":32,"h":40},
	"rotated": false,
	"trimmed": false,
	"spriteSourceSize": {"x":0,"y":0,"w":32,"h":40},
	"sourceSize": {"w":32,"h":40}
},
{
	"filename": "Walking_004.png",
	"frame": {"x":96,"y":160,"w":32,"h":40},
	"rotated": false,
	"trimmed": false,
	"spriteSourceSize": {"x":0,"y":0,"w":32,"h":40},
	"sourceSize": {"w":32,"h":40}
},
{
	"filename": "Walking_005.png",
	"frame": {"x":128,"y":160,"w":32,"h":40},
	"rotated": false,
	"trimmed": false,
	"spriteSourceSize": {"x":0,"y":0,"w":32,"h":40},
	"sourceSize": {"w":32,"h":40}
},
{
	"filename": "Walking_006.png",
	"frame": {"x":160,"y":160,"w":32,"h":40},
	"rotated": false,
	"trimmed": false,
	"spriteSourceSize": {"x":0,"y":0,"w":32,"h":40},
	"sourceSize": {"w":32,"h":40}
},
{
	"filename": "Walking_007.png",
	"frame": {"x":192,"y":160,"w":32,"h":40},
	"rotated": false,
	"trimmed": false,
	"spriteSourceSize": {"x":0,"y":0,"w":32,"h":40},
	"sourceSize": {"w":32,"h":40}
},
{
	"filename": "Walking_008.png",
	"frame": {"x":224,"y":160,"w":32,"h":40},
	"rotated": false,
	"trimmed": false,
	"spriteSourceSize": {"x":0,"y":0,"w":32,"h":40},
	"sourceSize": {"w":32,"h":40}
},
{
	"filename": "Walking_009.png",
	"frame": {"x":0,"y":200,"w":32,"h":40},
	"rotated": false,
	"trimmed": false,
	"spriteSourceSize": {"x":0,"y":0,"w":32,"h":40},
	"sourceSize": {"w":32,"h":40}
},
{
	"filename": "Walking_010.png",
	"frame": {"x":32,"y":200,"w":32,"h":40},
	"rotated": false,
	"trimmed": false,
	"spriteSourceSize": {"x":0,"y":0,"w":32,"h":40},
	"sourceSize": {"w":32,"h":40}
},
{
	"filename": "Walking_011.png",
	"frame": {"x":64,"y":200,"w":32,"h":40},
	"rotated": false,
	"trimmed": false,
	"spriteSourceSize": {"x":0,"y":0,"w":32,"h":40},
	"sourceSize": {"w":32,"h":40}
}],
"meta": {
	"app": "https://www.codeandweb.com/texturepacker",
	"version": "1.0",
	"image": "enemigo3.png",
	"format": "RGBA8888",
	"size": {"w":256,"h":268},
	"scale": "1",
	"smartupdate": "$TexturePacker:SmartUpdate:d631da68ff3718ae4d7832a6ff489cf7:49c25b285938ecdaebc47fc8f090a800:a483cdeb1ca35741a5969e513e1f016b$"
}
}
