{"frames": [

{
	"filename": "Attack_000.png",
	"frame": {"x":0,"y":0,"w":220,"h":290},
	"rotated": false,
	"trimmed": false,
	"spriteSourceSize": {"x":0,"y":0,"w":220,"h":290},
	"sourceSize": {"w":220,"h":290}
},
{
	"filename": "Attack_001.png",
	"frame": {"x":220,"y":0,"w":220,"h":290},
	"rotated": false,
	"trimmed": false,
	"spriteSourceSize": {"x":0,"y":0,"w":220,"h":290},
	"sourceSize": {"w":220,"h":290}
},
{
	"filename": "Attack_002.png",
	"frame": {"x":440,"y":0,"w":220,"h":290},
	"rotated": false,
	"trimmed": false,
	"spriteSourceSize": {"x":0,"y":0,"w":220,"h":290},
	"sourceSize": {"w":220,"h":290}
},
{
	"filename": "Attack_003.png",
	"frame": {"x":660,"y":0,"w":220,"h":290},
	"rotated": false,
	"trimmed": false,
	"spriteSourceSize": {"x":0,"y":0,"w":220,"h":290},
	"sourceSize": {"w":220,"h":290}
},
{
	"filename": "Attack_004.png",
	"frame": {"x":880,"y":0,"w":220,"h":290},
	"rotated": false,
	"trimmed": false,
	"spriteSourceSize": {"x":0,"y":0,"w":220,"h":290},
	"sourceSize": {"w":220,"h":290}
},
{
	"filename": "Attack_005.png",
	"frame": {"x":1100,"y":0,"w":220,"h":290},
	"rotated": false,
	"trimmed": false,
	"spriteSourceSize": {"x":0,"y":0,"w":220,"h":290},
	"sourceSize": {"w":220,"h":290}
},
{
	"filename": "Attack_006.png",
	"frame": {"x":1320,"y":0,"w":220,"h":290},
	"rotated": false,
	"trimmed": false,
	"spriteSourceSize": {"x":0,"y":0,"w":220,"h":290},
	"sourceSize": {"w":220,"h":290}
},
{
	"filename": "Attack_007.png",
	"frame": {"x":1540,"y":0,"w":220,"h":290},
	"rotated": false,
	"trimmed": false,
	"spriteSourceSize": {"x":0,"y":0,"w":220,"h":290},
	"sourceSize": {"w":220,"h":290}
},
{
	"filename": "Attack_008.png",
	"frame": {"x":1760,"y":0,"w":220,"h":290},
	"rotated": false,
	"trimmed": false,
	"spriteSourceSize": {"x":0,"y":0,"w":220,"h":290},
	"sourceSize": {"w":220,"h":290}
},
{
	"filename": "Attack_009.png",
	"frame": {"x":1980,"y":0,"w":220,"h":290},
	"rotated": false,
	"trimmed": false,
	"spriteSourceSize": {"x":0,"y":0,"w":220,"h":290},
	"sourceSize": {"w":220,"h":290}
},
{
	"filename": "Attack_010.png",
	"frame": {"x":2200,"y":0,"w":220,"h":290},
	"rotated": false,
	"trimmed": false,
	"spriteSourceSize": {"x":0,"y":0,"w":220,"h":290},
	"sourceSize": {"w":220,"h":290}
},
{
	"filename": "Attack_011.png",
	"frame": {"x":2420,"y":0,"w":220,"h":290},
	"rotated": false,
	"trimmed": false,
	"spriteSourceSize": {"x":0,"y":0,"w":220,"h":290},
	"sourceSize": {"w":220,"h":290}
},
{
	"filename": "Dying_000.png",
	"frame": {"x":1760,"y":290,"w":520,"h":420},
	"rotated": false,
	"trimmed": false,
	"spriteSourceSize": {"x":0,"y":0,"w":520,"h":420},
	"sourceSize": {"w":520,"h":420}
},
{
	"filename": "Dying_001.png",
	"frame": {"x":2280,"y":290,"w":520,"h":420},
	"rotated": false,
	"trimmed": false,
	"spriteSourceSize": {"x":0,"y":0,"w":520,"h":420},
	"sourceSize": {"w":520,"h":420}
},
{
	"filename": "Dying_002.png",
	"frame": {"x":2800,"y":290,"w":520,"h":420},
	"rotated": false,
	"trimmed": false,
	"spriteSourceSize": {"x":0,"y":0,"w":520,"h":420},
	"sourceSize": {"w":520,"h":420}
},
{
	"filename": "Dying_003.png",
	"frame": {"x":0,"y":710,"w":520,"h":420},
	"rotated": false,
	"trimmed": false,
	"spriteSourceSize": {"x":0,"y":0,"w":520,"h":420},
	"sourceSize": {"w":520,"h":420}
},
{
	"filename": "Dying_004.png",
	"frame": {"x":520,"y":710,"w":520,"h":420},
	"rotated": false,
	"trimmed": false,
	"spriteSourceSize": {"x":0,"y":0,"w":520,"h":420},
	"sourceSize": {"w":520,"h":420}
},
{
	"filename": "Dying_005.png",
	"frame": {"x":1040,"y":710,"w":520,"h":420},
	"rotated": false,
	"trimmed": false,
	"spriteSourceSize": {"x":0,"y":0,"w":520,"h":420},
	"sourceSize": {"w":520,"h":420}
},
{
	"filename": "Dying_006.png",
	"frame": {"x":1560,"y":710,"w":520,"h":420},
	"rotated": false,
	"trimmed": false,
	"spriteSourceSize": {"x":0,"y":0,"w":520,"h":420},
	"sourceSize": {"w":520,"h":420}
},
{
	"filename": "Dying_007.png",
	"frame": {"x":2080,"y":710,"w":520,"h":420},
	"rotated": false,
	"trimmed": false,
	"spriteSourceSize": {"x":0,"y":0,"w":520,"h":420},
	"sourceSize": {"w":520,"h":420}
},
{
	"filename": "Dying_008.png",
	"frame": {"x":2600,"y":710,"w":520,"h":420},
	"rotated": false,
	"trimmed": false,
	"spriteSourceSize": {"x":0,"y":0,"w":520,"h":420},
	"sourceSize": {"w":520,"h":420}
},
{
	"filename": "Dying_009.png",
	"frame": {"x":0,"y":1130,"w":520,"h":420},
	"rotated": false,
	"trimmed": false,
	"spriteSourceSize": {"x":0,"y":0,"w":520,"h":420},
	"sourceSize": {"w":520,"h":420}
},
{
	"filename": "Dying_010.png",
	"frame": {"x":520,"y":1130,"w":520,"h":420},
	"rotated": false,
	"trimmed": false,
	"spriteSourceSize": {"x":0,"y":0,"w":520,"h":420},
	"sourceSize": {"w":520,"h":420}
},
{
	"filename": "Dying_011.png",
	"frame": {"x":1040,"y":1130,"w":520,"h":420},
	"rotated": false,
	"trimmed": false,
	"spriteSourceSize": {"x":0,"y":0,"w":520,"h":420},
	"sourceSize": {"w":520,"h":420}
},
{
	"filename": "Dying_012.png",
	"frame": {"x":1560,"y":1130,"w":520,"h":420},
	"rotated": false,
	"trimmed": false,
	"spriteSourceSize": {"x":0,"y":0,"w":520,"h":420},
	"sourceSize": {"w":520,"h":420}
},
{
	"filename": "Dying_013.png",
	"frame": {"x":2080,"y":1130,"w":520,"h":420},
	"rotated": false,
	"trimmed": false,
	"spriteSourceSize": {"x":0,"y":0,"w":520,"h":420},
	"sourceSize": {"w":520,"h":420}
},
{
	"filename": "Dying_014.png",
	"frame": {"x":2600,"y":1130,"w":520,"h":420},
	"rotated": false,
	"trimmed": false,
	"spriteSourceSize": {"x":0,"y":0,"w":520,"h":420},
	"sourceSize": {"w":520,"h":420}
},
{
	"filename": "Walking_000.png",
	"frame": {"x":2640,"y":0,"w":220,"h":290},
	"rotated": false,
	"trimmed": false,
	"spriteSourceSize": {"x":0,"y":0,"w":220,"h":290},
	"sourceSize": {"w":220,"h":290}
},
{
	"filename": "Walking_001.png",
	"frame": {"x":2860,"y":0,"w":220,"h":290},
	"rotated": false,
	"trimmed": false,
	"spriteSourceSize": {"x":0,"y":0,"w":220,"h":290},
	"sourceSize": {"w":220,"h":290}
},
{
	"filename": "Walking_002.png",
	"frame": {"x":3080,"y":0,"w":220,"h":290},
	"rotated": false,
	"trimmed": false,
	"spriteSourceSize": {"x":0,"y":0,"w":220,"h":290},
	"sourceSize": {"w":220,"h":290}
},
{
	"filename": "Walking_003.png",
	"frame": {"x":3300,"y":0,"w":220,"h":290},
	"rotated": false,
	"trimmed": false,
	"spriteSourceSize": {"x":0,"y":0,"w":220,"h":290},
	"sourceSize": {"w":220,"h":290}
},
{
	"filename": "Walking_004.png",
	"frame": {"x":0,"y":290,"w":220,"h":290},
	"rotated": false,
	"trimmed": false,
	"spriteSourceSize": {"x":0,"y":0,"w":220,"h":290},
	"sourceSize": {"w":220,"h":290}
},
{
	"filename": "Walking_005.png",
	"frame": {"x":220,"y":290,"w":220,"h":290},
	"rotated": false,
	"trimmed": false,
	"spriteSourceSize": {"x":0,"y":0,"w":220,"h":290},
	"sourceSize": {"w":220,"h":290}
},
{
	"filename": "Walking_006.png",
	"frame": {"x":440,"y":290,"w":220,"h":290},
	"rotated": false,
	"trimmed": false,
	"spriteSourceSize": {"x":0,"y":0,"w":220,"h":290},
	"sourceSize": {"w":220,"h":290}
},
{
	"filename": "Walking_007.png",
	"frame": {"x":660,"y":290,"w":220,"h":290},
	"rotated": false,
	"trimmed": false,
	"spriteSourceSize": {"x":0,"y":0,"w":220,"h":290},
	"sourceSize": {"w":220,"h":290}
},
{
	"filename": "Walking_008.png",
	"frame": {"x":880,"y":290,"w":220,"h":290},
	"rotated": false,
	"trimmed": false,
	"spriteSourceSize": {"x":0,"y":0,"w":220,"h":290},
	"sourceSize": {"w":220,"h":290}
},
{
	"filename": "Walking_009.png",
	"frame": {"x":1100,"y":290,"w":220,"h":290},
	"rotated": false,
	"trimmed": false,
	"spriteSourceSize": {"x":0,"y":0,"w":220,"h":290},
	"sourceSize": {"w":220,"h":290}
},
{
	"filename": "Walking_010.png",
	"frame": {"x":1320,"y":290,"w":220,"h":290},
	"rotated": false,
	"trimmed": false,
	"spriteSourceSize": {"x":0,"y":0,"w":220,"h":290},
	"sourceSize": {"w":220,"h":290}
},
{
	"filename": "Walking_011.png",
	"frame": {"x":1540,"y":290,"w":220,"h":290},
	"rotated": false,
	"trimmed": false,
	"spriteSourceSize": {"x":0,"y":0,"w":220,"h":290},
	"sourceSize": {"w":220,"h":290}
}],
"meta": {
	"app": "https://www.codeandweb.com/texturepacker",
	"version": "1.0",
	"image": "fantasma.png",
	"format": "RGBA8888",
	"size": {"w":3520,"h":1550},
	"scale": "1",
	"smartupdate": "$TexturePacker:SmartUpdate:848ed13d39c694585d56f5b314e3cde9:37737e62f654bf529249d3bc8ddc5207:6cb1bc1f58a0bffe24f01404d0b851f1$"
}
}
