{"frames": [

{
	"filename": "Attacking_000.png",
	"frame": {"x":56,"y":65,"w":47,"h":39},
	"rotated": false,
	"trimmed": false,
	"spriteSourceSize": {"x":0,"y":0,"w":47,"h":39},
	"sourceSize": {"w":47,"h":39}
},
{
	"filename": "Attacking_001.png",
	"frame": {"x":0,"y":221,"w":45,"h":40},
	"rotated": false,
	"trimmed": false,
	"spriteSourceSize": {"x":0,"y":0,"w":45,"h":40},
	"sourceSize": {"w":45,"h":40}
},
{
	"filename": "Attacking_002.png",
	"frame": {"x":36,"y":702,"w":40,"h":46},
	"rotated": false,
	"trimmed": false,
	"spriteSourceSize": {"x":0,"y":0,"w":40,"h":46},
	"sourceSize": {"w":40,"h":46}
},
{
	"filename": "Attacking_003.png",
	"frame": {"x":0,"y":748,"w":37,"h":47},
	"rotated": false,
	"trimmed": false,
	"spriteSourceSize": {"x":0,"y":0,"w":37,"h":47},
	"sourceSize": {"w":37,"h":47}
},
{
	"filename": "Attacking_004.png",
	"frame": {"x":37,"y":748,"w":37,"h":47},
	"rotated": false,
	"trimmed": false,
	"spriteSourceSize": {"x":0,"y":0,"w":37,"h":47},
	"sourceSize": {"w":37,"h":47}
},
{
	"filename": "Attacking_005.png",
	"frame": {"x":76,"y":702,"w":36,"h":46},
	"rotated": false,
	"trimmed": false,
	"spriteSourceSize": {"x":0,"y":0,"w":36,"h":46},
	"sourceSize": {"w":36,"h":46}
},
{
	"filename": "Attacking_006.png",
	"frame": {"x":0,"y":702,"w":36,"h":45},
	"rotated": false,
	"trimmed": false,
	"spriteSourceSize": {"x":0,"y":0,"w":36,"h":45},
	"sourceSize": {"w":36,"h":45}
},
{
	"filename": "Attacking_007.png",
	"frame": {"x":0,"y":104,"w":59,"h":39},
	"rotated": false,
	"trimmed": false,
	"spriteSourceSize": {"x":0,"y":0,"w":59,"h":39},
	"sourceSize": {"w":59,"h":39}
},
{
	"filename": "Attacking_008.png",
	"frame": {"x":59,"y":104,"w":58,"h":39},
	"rotated": false,
	"trimmed": false,
	"spriteSourceSize": {"x":0,"y":0,"w":58,"h":39},
	"sourceSize": {"w":58,"h":39}
},
{
	"filename": "Attacking_009.png",
	"frame": {"x":0,"y":65,"w":56,"h":38},
	"rotated": false,
	"trimmed": false,
	"spriteSourceSize": {"x":0,"y":0,"w":56,"h":38},
	"sourceSize": {"w":56,"h":38}
},
{
	"filename": "Attacking_010.png",
	"frame": {"x":0,"y":143,"w":54,"h":39},
	"rotated": false,
	"trimmed": false,
	"spriteSourceSize": {"x":0,"y":0,"w":54,"h":39},
	"sourceSize": {"w":54,"h":39}
},
{
	"filename": "Attacking_011.png",
	"frame": {"x":54,"y":143,"w":51,"h":39},
	"rotated": false,
	"trimmed": false,
	"spriteSourceSize": {"x":0,"y":0,"w":51,"h":39},
	"sourceSize": {"w":51,"h":39}
},
{
	"filename": "Dying_000.png",
	"frame": {"x":0,"y":182,"w":31,"h":39},
	"rotated": false,
	"trimmed": false,
	"spriteSourceSize": {"x":0,"y":0,"w":31,"h":39},
	"sourceSize": {"w":31,"h":39}
},
{
	"filename": "Dying_001.png",
	"frame": {"x":45,"y":221,"w":30,"h":40},
	"rotated": false,
	"trimmed": false,
	"spriteSourceSize": {"x":0,"y":0,"w":30,"h":40},
	"sourceSize": {"w":30,"h":40}
},
{
	"filename": "Dying_002.png",
	"frame": {"x":75,"y":221,"w":29,"h":40},
	"rotated": false,
	"trimmed": false,
	"spriteSourceSize": {"x":0,"y":0,"w":29,"h":40},
	"sourceSize": {"w":29,"h":40}
},
{
	"filename": "Dying_003.png",
	"frame": {"x":31,"y":182,"w":29,"h":39},
	"rotated": false,
	"trimmed": false,
	"spriteSourceSize": {"x":0,"y":0,"w":29,"h":39},
	"sourceSize": {"w":29,"h":39}
},
{
	"filename": "Dying_004.png",
	"frame": {"x":0,"y":661,"w":29,"h":41},
	"rotated": false,
	"trimmed": false,
	"spriteSourceSize": {"x":0,"y":0,"w":29,"h":41},
	"sourceSize": {"w":29,"h":41}
},
{
	"filename": "Dying_005.png",
	"frame": {"x":29,"y":661,"w":31,"h":41},
	"rotated": false,
	"trimmed": false,
	"spriteSourceSize": {"x":0,"y":0,"w":31,"h":41},
	"sourceSize": {"w":31,"h":41}
},
{
	"filename": "Dying_006.png",
	"frame": {"x":60,"y":661,"w":33,"h":41},
	"rotated": false,
	"trimmed": false,
	"spriteSourceSize": {"x":0,"y":0,"w":33,"h":41},
	"sourceSize": {"w":33,"h":41}
},
{
	"filename": "Dying_007.png",
	"frame": {"x":60,"y":182,"w":37,"h":39},
	"rotated": false,
	"trimmed": false,
	"spriteSourceSize": {"x":0,"y":0,"w":37,"h":39},
	"sourceSize": {"w":37,"h":39}
},
{
	"filename": "Dying_008.png",
	"frame": {"x":79,"y":28,"w":39,"h":37},
	"rotated": false,
	"trimmed": false,
	"spriteSourceSize": {"x":0,"y":0,"w":39,"h":37},
	"sourceSize": {"w":39,"h":37}
},
{
	"filename": "Dying_009.png",
	"frame": {"x":39,"y":28,"w":40,"h":32},
	"rotated": false,
	"trimmed": false,
	"spriteSourceSize": {"x":0,"y":0,"w":40,"h":32},
	"sourceSize": {"w":40,"h":32}
},
{
	"filename": "Dying_010.png",
	"frame": {"x":0,"y":28,"w":39,"h":29},
	"rotated": false,
	"trimmed": false,
	"spriteSourceSize": {"x":0,"y":0,"w":39,"h":29},
	"sourceSize": {"w":39,"h":29}
},
{
	"filename": "Dying_011.png",
	"frame": {"x":0,"y":0,"w":41,"h":28},
	"rotated": false,
	"trimmed": false,
	"spriteSourceSize": {"x":0,"y":0,"w":41,"h":28},
	"sourceSize": {"w":41,"h":28}
},
{
	"filename": "Dying_012.png",
	"frame": {"x":41,"y":0,"w":41,"h":28},
	"rotated": false,
	"trimmed": false,
	"spriteSourceSize": {"x":0,"y":0,"w":41,"h":28},
	"sourceSize": {"w":41,"h":28}
},
{
	"filename": "Idle_000.png",
	"frame": {"x":0,"y":261,"w":40,"h":40},
	"rotated": false,
	"trimmed": false,
	"spriteSourceSize": {"x":0,"y":0,"w":40,"h":40},
	"sourceSize": {"w":40,"h":40}
},
{
	"filename": "Idle_001.png",
	"frame": {"x":40,"y":261,"w":40,"h":40},
	"rotated": false,
	"trimmed": false,
	"spriteSourceSize": {"x":0,"y":0,"w":40,"h":40},
	"sourceSize": {"w":40,"h":40}
},
{
	"filename": "Idle_002.png",
	"frame": {"x":80,"y":261,"w":40,"h":40},
	"rotated": false,
	"trimmed": false,
	"spriteSourceSize": {"x":0,"y":0,"w":40,"h":40},
	"sourceSize": {"w":40,"h":40}
},
{
	"filename": "Idle_003.png",
	"frame": {"x":0,"y":301,"w":40,"h":40},
	"rotated": false,
	"trimmed": false,
	"spriteSourceSize": {"x":0,"y":0,"w":40,"h":40},
	"sourceSize": {"w":40,"h":40}
},
{
	"filename": "Idle_004.png",
	"frame": {"x":40,"y":301,"w":40,"h":40},
	"rotated": false,
	"trimmed": false,
	"spriteSourceSize": {"x":0,"y":0,"w":40,"h":40},
	"sourceSize": {"w":40,"h":40}
},
{
	"filename": "Idle_005.png",
	"frame": {"x":80,"y":301,"w":40,"h":40},
	"rotated": false,
	"trimmed": false,
	"spriteSourceSize": {"x":0,"y":0,"w":40,"h":40},
	"sourceSize": {"w":40,"h":40}
},
{
	"filename": "Idle_006.png",
	"frame": {"x":0,"y":341,"w":40,"h":40},
	"rotated": false,
	"trimmed": false,
	"spriteSourceSize": {"x":0,"y":0,"w":40,"h":40},
	"sourceSize": {"w":40,"h":40}
},
{
	"filename": "Idle_007.png",
	"frame": {"x":40,"y":341,"w":40,"h":40},
	"rotated": false,
	"trimmed": false,
	"spriteSourceSize": {"x":0,"y":0,"w":40,"h":40},
	"sourceSize": {"w":40,"h":40}
},
{
	"filename": "Idle_008.png",
	"frame": {"x":80,"y":341,"w":40,"h":40},
	"rotated": false,
	"trimmed": false,
	"spriteSourceSize": {"x":0,"y":0,"w":40,"h":40},
	"sourceSize": {"w":40,"h":40}
},
{
	"filename": "Idle_009.png",
	"frame": {"x":0,"y":381,"w":40,"h":40},
	"rotated": false,
	"trimmed": false,
	"spriteSourceSize": {"x":0,"y":0,"w":40,"h":40},
	"sourceSize": {"w":40,"h":40}
},
{
	"filename": "Idle_010.png",
	"frame": {"x":40,"y":381,"w":40,"h":40},
	"rotated": false,
	"trimmed": false,
	"spriteSourceSize": {"x":0,"y":0,"w":40,"h":40},
	"sourceSize": {"w":40,"h":40}
},
{
	"filename": "Idle_011.png",
	"frame": {"x":80,"y":381,"w":40,"h":40},
	"rotated": false,
	"trimmed": false,
	"spriteSourceSize": {"x":0,"y":0,"w":40,"h":40},
	"sourceSize": {"w":40,"h":40}
},
{
	"filename": "Walking_000.png",
	"frame": {"x":0,"y":421,"w":40,"h":40},
	"rotated": false,
	"trimmed": false,
	"spriteSourceSize": {"x":0,"y":0,"w":40,"h":40},
	"sourceSize": {"w":40,"h":40}
},
{
	"filename": "Walking_001.png",
	"frame": {"x":40,"y":421,"w":40,"h":40},
	"rotated": false,
	"trimmed": false,
	"spriteSourceSize": {"x":0,"y":0,"w":40,"h":40},
	"sourceSize": {"w":40,"h":40}
},
{
	"filename": "Walking_002.png",
	"frame": {"x":80,"y":421,"w":40,"h":40},
	"rotated": false,
	"trimmed": false,
	"spriteSourceSize": {"x":0,"y":0,"w":40,"h":40},
	"sourceSize": {"w":40,"h":40}
},
{
	"filename": "Walking_003.png",
	"frame": {"x":0,"y":461,"w":40,"h":40},
	"rotated": false,
	"trimmed": false,
	"spriteSourceSize": {"x":0,"y":0,"w":40,"h":40},
	"sourceSize": {"w":40,"h":40}
},
{
	"filename": "Walking_004.png",
	"frame": {"x":40,"y":461,"w":40,"h":40},
	"rotated": false,
	"trimmed": false,
	"spriteSourceSize": {"x":0,"y":0,"w":40,"h":40},
	"sourceSize": {"w":40,"h":40}
},
{
	"filename": "Walking_005.png",
	"frame": {"x":80,"y":461,"w":40,"h":40},
	"rotated": false,
	"trimmed": false,
	"spriteSourceSize": {"x":0,"y":0,"w":40,"h":40},
	"sourceSize": {"w":40,"h":40}
},
{
	"filename": "Walking_006.png",
	"frame": {"x":0,"y":501,"w":40,"h":40},
	"rotated": false,
	"trimmed": false,
	"spriteSourceSize": {"x":0,"y":0,"w":40,"h":40},
	"sourceSize": {"w":40,"h":40}
},
{
	"filename": "Walking_007.png",
	"frame": {"x":40,"y":501,"w":40,"h":40},
	"rotated": false,
	"trimmed": false,
	"spriteSourceSize": {"x":0,"y":0,"w":40,"h":40},
	"sourceSize": {"w":40,"h":40}
},
{
	"filename": "Walking_008.png",
	"frame": {"x":80,"y":501,"w":40,"h":40},
	"rotated": false,
	"trimmed": false,
	"spriteSourceSize": {"x":0,"y":0,"w":40,"h":40},
	"sourceSize": {"w":40,"h":40}
},
{
	"filename": "Walking_009.png",
	"frame": {"x":0,"y":541,"w":40,"h":40},
	"rotated": false,
	"trimmed": false,
	"spriteSourceSize": {"x":0,"y":0,"w":40,"h":40},
	"sourceSize": {"w":40,"h":40}
},
{
	"filename": "Walking_010.png",
	"frame": {"x":40,"y":541,"w":40,"h":40},
	"rotated": false,
	"trimmed": false,
	"spriteSourceSize": {"x":0,"y":0,"w":40,"h":40},
	"sourceSize": {"w":40,"h":40}
},
{
	"filename": "Walking_011.png",
	"frame": {"x":80,"y":541,"w":40,"h":40},
	"rotated": false,
	"trimmed": false,
	"spriteSourceSize": {"x":0,"y":0,"w":40,"h":40},
	"sourceSize": {"w":40,"h":40}
},
{
	"filename": "Walking_012.png",
	"frame": {"x":0,"y":581,"w":40,"h":40},
	"rotated": false,
	"trimmed": false,
	"spriteSourceSize": {"x":0,"y":0,"w":40,"h":40},
	"sourceSize": {"w":40,"h":40}
},
{
	"filename": "Walking_013.png",
	"frame": {"x":40,"y":581,"w":40,"h":40},
	"rotated": false,
	"trimmed": false,
	"spriteSourceSize": {"x":0,"y":0,"w":40,"h":40},
	"sourceSize": {"w":40,"h":40}
},
{
	"filename": "Walking_014.png",
	"frame": {"x":80,"y":581,"w":40,"h":40},
	"rotated": false,
	"trimmed": false,
	"spriteSourceSize": {"x":0,"y":0,"w":40,"h":40},
	"sourceSize": {"w":40,"h":40}
},
{
	"filename": "Walking_015.png",
	"frame": {"x":0,"y":621,"w":40,"h":40},
	"rotated": false,
	"trimmed": false,
	"spriteSourceSize": {"x":0,"y":0,"w":40,"h":40},
	"sourceSize": {"w":40,"h":40}
},
{
	"filename": "Walking_016.png",
	"frame": {"x":40,"y":621,"w":40,"h":40},
	"rotated": false,
	"trimmed": false,
	"spriteSourceSize": {"x":0,"y":0,"w":40,"h":40},
	"sourceSize": {"w":40,"h":40}
},
{
	"filename": "Walking_017.png",
	"frame": {"x":80,"y":621,"w":40,"h":40},
	"rotated": false,
	"trimmed": false,
	"spriteSourceSize": {"x":0,"y":0,"w":40,"h":40},
	"sourceSize": {"w":40,"h":40}
}],
"meta": {
	"app": "https://www.codeandweb.com/texturepacker",
	"version": "1.0",
	"image": "golem.png",
	"format": "RGBA8888",
	"size": {"w":120,"h":795},
	"scale": "1",
	"smartupdate": "$TexturePacker:SmartUpdate:a252fe3e1db61ecaecb4a34427c8dc7e:0e56e432e84fb0efd3de8462d2d66c24:4ac9190e07869895319abdaddf310eff$"
}
}
