{"frames": [

{
	"filename": "Attacking_000.png",
	"frame": {"x":0,"y":0,"w":39,"h":35},
	"rotated": false,
	"trimmed": false,
	"spriteSourceSize": {"x":0,"y":0,"w":39,"h":35},
	"sourceSize": {"w":39,"h":35}
},
{
	"filename": "Attacking_001.png",
	"frame": {"x":39,"y":0,"w":38,"h":37},
	"rotated": false,
	"trimmed": false,
	"spriteSourceSize": {"x":0,"y":0,"w":38,"h":37},
	"sourceSize": {"w":38,"h":37}
},
{
	"filename": "Attacking_002.png",
	"frame": {"x":77,"y":0,"w":34,"h":38},
	"rotated": false,
	"trimmed": false,
	"spriteSourceSize": {"x":0,"y":0,"w":34,"h":38},
	"sourceSize": {"w":34,"h":38}
},
{
	"filename": "Attacking_003.png",
	"frame": {"x":111,"y":0,"w":33,"h":40},
	"rotated": false,
	"trimmed": false,
	"spriteSourceSize": {"x":0,"y":0,"w":33,"h":40},
	"sourceSize": {"w":33,"h":40}
},
{
	"filename": "Attacking_004.png",
	"frame": {"x":144,"y":0,"w":32,"h":40},
	"rotated": false,
	"trimmed": false,
	"spriteSourceSize": {"x":0,"y":0,"w":32,"h":40},
	"sourceSize": {"w":32,"h":40}
},
{
	"filename": "Attacking_005.png",
	"frame": {"x":176,"y":0,"w":32,"h":39},
	"rotated": false,
	"trimmed": false,
	"spriteSourceSize": {"x":0,"y":0,"w":32,"h":39},
	"sourceSize": {"w":32,"h":39}
},
{
	"filename": "Attacking_006.png",
	"frame": {"x":208,"y":0,"w":31,"h":39},
	"rotated": false,
	"trimmed": false,
	"spriteSourceSize": {"x":0,"y":0,"w":31,"h":39},
	"sourceSize": {"w":31,"h":39}
},
{
	"filename": "Attacking_007.png",
	"frame": {"x":239,"y":0,"w":36,"h":38},
	"rotated": false,
	"trimmed": false,
	"spriteSourceSize": {"x":0,"y":0,"w":36,"h":38},
	"sourceSize": {"w":36,"h":38}
},
{
	"filename": "Attacking_008.png",
	"frame": {"x":275,"y":0,"w":49,"h":37},
	"rotated": false,
	"trimmed": false,
	"spriteSourceSize": {"x":0,"y":0,"w":49,"h":37},
	"sourceSize": {"w":49,"h":37}
},
{
	"filename": "Attacking_009.png",
	"frame": {"x":324,"y":0,"w":46,"h":37},
	"rotated": false,
	"trimmed": false,
	"spriteSourceSize": {"x":0,"y":0,"w":46,"h":37},
	"sourceSize": {"w":46,"h":37}
},
{
	"filename": "Attacking_010.png",
	"frame": {"x":370,"y":0,"w":45,"h":37},
	"rotated": false,
	"trimmed": false,
	"spriteSourceSize": {"x":0,"y":0,"w":45,"h":37},
	"sourceSize": {"w":45,"h":37}
},
{
	"filename": "Attacking_011.png",
	"frame": {"x":415,"y":0,"w":42,"h":36},
	"rotated": false,
	"trimmed": false,
	"spriteSourceSize": {"x":0,"y":0,"w":42,"h":36},
	"sourceSize": {"w":42,"h":36}
},
{
	"filename": "Dying_000.png",
	"frame": {"x":457,"y":0,"w":29,"h":35},
	"rotated": false,
	"trimmed": false,
	"spriteSourceSize": {"x":0,"y":0,"w":29,"h":35},
	"sourceSize": {"w":29,"h":35}
},
{
	"filename": "Dying_001.png",
	"frame": {"x":486,"y":0,"w":28,"h":36},
	"rotated": false,
	"trimmed": false,
	"spriteSourceSize": {"x":0,"y":0,"w":28,"h":36},
	"sourceSize": {"w":28,"h":36}
},
{
	"filename": "Dying_002.png",
	"frame": {"x":514,"y":0,"w":28,"h":36},
	"rotated": false,
	"trimmed": false,
	"spriteSourceSize": {"x":0,"y":0,"w":28,"h":36},
	"sourceSize": {"w":28,"h":36}
},
{
	"filename": "Dying_003.png",
	"frame": {"x":542,"y":0,"w":28,"h":37},
	"rotated": false,
	"trimmed": false,
	"spriteSourceSize": {"x":0,"y":0,"w":28,"h":37},
	"sourceSize": {"w":28,"h":37}
},
{
	"filename": "Dying_004.png",
	"frame": {"x":570,"y":0,"w":26,"h":36},
	"rotated": false,
	"trimmed": false,
	"spriteSourceSize": {"x":0,"y":0,"w":26,"h":36},
	"sourceSize": {"w":26,"h":36}
},
{
	"filename": "Dying_005.png",
	"frame": {"x":596,"y":0,"w":29,"h":38},
	"rotated": false,
	"trimmed": false,
	"spriteSourceSize": {"x":0,"y":0,"w":29,"h":38},
	"sourceSize": {"w":29,"h":38}
},
{
	"filename": "Dying_006.png",
	"frame": {"x":625,"y":0,"w":32,"h":38},
	"rotated": false,
	"trimmed": false,
	"spriteSourceSize": {"x":0,"y":0,"w":32,"h":38},
	"sourceSize": {"w":32,"h":38}
},
{
	"filename": "Dying_007.png",
	"frame": {"x":657,"y":0,"w":36,"h":37},
	"rotated": false,
	"trimmed": false,
	"spriteSourceSize": {"x":0,"y":0,"w":36,"h":37},
	"sourceSize": {"w":36,"h":37}
},
{
	"filename": "Dying_008.png",
	"frame": {"x":693,"y":0,"w":37,"h":34},
	"rotated": false,
	"trimmed": false,
	"spriteSourceSize": {"x":0,"y":0,"w":37,"h":34},
	"sourceSize": {"w":37,"h":34}
},
{
	"filename": "Dying_009.png",
	"frame": {"x":730,"y":0,"w":38,"h":30},
	"rotated": false,
	"trimmed": false,
	"spriteSourceSize": {"x":0,"y":0,"w":38,"h":30},
	"sourceSize": {"w":38,"h":30}
},
{
	"filename": "Dying_010.png",
	"frame": {"x":768,"y":0,"w":37,"h":27},
	"rotated": false,
	"trimmed": false,
	"spriteSourceSize": {"x":0,"y":0,"w":37,"h":27},
	"sourceSize": {"w":37,"h":27}
},
{
	"filename": "Dying_011.png",
	"frame": {"x":805,"y":0,"w":36,"h":27},
	"rotated": false,
	"trimmed": false,
	"spriteSourceSize": {"x":0,"y":0,"w":36,"h":27},
	"sourceSize": {"w":36,"h":27}
},
{
	"filename": "Dying_012.png",
	"frame": {"x":841,"y":0,"w":37,"h":27},
	"rotated": false,
	"trimmed": false,
	"spriteSourceSize": {"x":0,"y":0,"w":37,"h":27},
	"sourceSize": {"w":37,"h":27}
},
{
	"filename": "Dying_013.png",
	"frame": {"x":878,"y":0,"w":36,"h":27},
	"rotated": false,
	"trimmed": false,
	"spriteSourceSize": {"x":0,"y":0,"w":36,"h":27},
	"sourceSize": {"w":36,"h":27}
},
{
	"filename": "Dying_014.png",
	"frame": {"x":914,"y":0,"w":36,"h":27},
	"rotated": false,
	"trimmed": false,
	"spriteSourceSize": {"x":0,"y":0,"w":36,"h":27},
	"sourceSize": {"w":36,"h":27}
},
{
	"filename": "Idle_000.png",
	"frame": {"x":950,"y":0,"w":34,"h":40},
	"rotated": false,
	"trimmed": false,
	"spriteSourceSize": {"x":0,"y":0,"w":34,"h":40},
	"sourceSize": {"w":34,"h":40}
},
{
	"filename": "Idle_001.png",
	"frame": {"x":984,"y":0,"w":34,"h":40},
	"rotated": false,
	"trimmed": false,
	"spriteSourceSize": {"x":0,"y":0,"w":34,"h":40},
	"sourceSize": {"w":34,"h":40}
},
{
	"filename": "Idle_002.png",
	"frame": {"x":1018,"y":0,"w":34,"h":40},
	"rotated": false,
	"trimmed": false,
	"spriteSourceSize": {"x":0,"y":0,"w":34,"h":40},
	"sourceSize": {"w":34,"h":40}
},
{
	"filename": "Idle_003.png",
	"frame": {"x":1052,"y":0,"w":34,"h":40},
	"rotated": false,
	"trimmed": false,
	"spriteSourceSize": {"x":0,"y":0,"w":34,"h":40},
	"sourceSize": {"w":34,"h":40}
},
{
	"filename": "Idle_004.png",
	"frame": {"x":1086,"y":0,"w":34,"h":40},
	"rotated": false,
	"trimmed": false,
	"spriteSourceSize": {"x":0,"y":0,"w":34,"h":40},
	"sourceSize": {"w":34,"h":40}
},
{
	"filename": "Idle_005.png",
	"frame": {"x":1120,"y":0,"w":34,"h":40},
	"rotated": false,
	"trimmed": false,
	"spriteSourceSize": {"x":0,"y":0,"w":34,"h":40},
	"sourceSize": {"w":34,"h":40}
},
{
	"filename": "Idle_006.png",
	"frame": {"x":1154,"y":0,"w":34,"h":40},
	"rotated": false,
	"trimmed": false,
	"spriteSourceSize": {"x":0,"y":0,"w":34,"h":40},
	"sourceSize": {"w":34,"h":40}
},
{
	"filename": "Idle_007.png",
	"frame": {"x":1188,"y":0,"w":34,"h":40},
	"rotated": false,
	"trimmed": false,
	"spriteSourceSize": {"x":0,"y":0,"w":34,"h":40},
	"sourceSize": {"w":34,"h":40}
},
{
	"filename": "Idle_008.png",
	"frame": {"x":1222,"y":0,"w":34,"h":40},
	"rotated": false,
	"trimmed": false,
	"spriteSourceSize": {"x":0,"y":0,"w":34,"h":40},
	"sourceSize": {"w":34,"h":40}
},
{
	"filename": "Idle_009.png",
	"frame": {"x":1256,"y":0,"w":34,"h":40},
	"rotated": false,
	"trimmed": false,
	"spriteSourceSize": {"x":0,"y":0,"w":34,"h":40},
	"sourceSize": {"w":34,"h":40}
},
{
	"filename": "Idle_010.png",
	"frame": {"x":1290,"y":0,"w":34,"h":40},
	"rotated": false,
	"trimmed": false,
	"spriteSourceSize": {"x":0,"y":0,"w":34,"h":40},
	"sourceSize": {"w":34,"h":40}
},
{
	"filename": "Idle_011.png",
	"frame": {"x":1324,"y":0,"w":34,"h":40},
	"rotated": false,
	"trimmed": false,
	"spriteSourceSize": {"x":0,"y":0,"w":34,"h":40},
	"sourceSize": {"w":34,"h":40}
},
{
	"filename": "Walking_000.png",
	"frame": {"x":1358,"y":0,"w":34,"h":40},
	"rotated": false,
	"trimmed": false,
	"spriteSourceSize": {"x":0,"y":0,"w":34,"h":40},
	"sourceSize": {"w":34,"h":40}
},
{
	"filename": "Walking_001.png",
	"frame": {"x":1392,"y":0,"w":34,"h":40},
	"rotated": false,
	"trimmed": false,
	"spriteSourceSize": {"x":0,"y":0,"w":34,"h":40},
	"sourceSize": {"w":34,"h":40}
},
{
	"filename": "Walking_002.png",
	"frame": {"x":1426,"y":0,"w":34,"h":40},
	"rotated": false,
	"trimmed": false,
	"spriteSourceSize": {"x":0,"y":0,"w":34,"h":40},
	"sourceSize": {"w":34,"h":40}
},
{
	"filename": "Walking_003.png",
	"frame": {"x":1460,"y":0,"w":34,"h":40},
	"rotated": false,
	"trimmed": false,
	"spriteSourceSize": {"x":0,"y":0,"w":34,"h":40},
	"sourceSize": {"w":34,"h":40}
},
{
	"filename": "Walking_004.png",
	"frame": {"x":1494,"y":0,"w":34,"h":40},
	"rotated": false,
	"trimmed": false,
	"spriteSourceSize": {"x":0,"y":0,"w":34,"h":40},
	"sourceSize": {"w":34,"h":40}
},
{
	"filename": "Walking_005.png",
	"frame": {"x":1528,"y":0,"w":34,"h":40},
	"rotated": false,
	"trimmed": false,
	"spriteSourceSize": {"x":0,"y":0,"w":34,"h":40},
	"sourceSize": {"w":34,"h":40}
},
{
	"filename": "Walking_006.png",
	"frame": {"x":1562,"y":0,"w":34,"h":40},
	"rotated": false,
	"trimmed": false,
	"spriteSourceSize": {"x":0,"y":0,"w":34,"h":40},
	"sourceSize": {"w":34,"h":40}
},
{
	"filename": "Walking_007.png",
	"frame": {"x":1596,"y":0,"w":34,"h":40},
	"rotated": false,
	"trimmed": false,
	"spriteSourceSize": {"x":0,"y":0,"w":34,"h":40},
	"sourceSize": {"w":34,"h":40}
},
{
	"filename": "Walking_008.png",
	"frame": {"x":1630,"y":0,"w":34,"h":40},
	"rotated": false,
	"trimmed": false,
	"spriteSourceSize": {"x":0,"y":0,"w":34,"h":40},
	"sourceSize": {"w":34,"h":40}
},
{
	"filename": "Walking_009.png",
	"frame": {"x":1664,"y":0,"w":34,"h":40},
	"rotated": false,
	"trimmed": false,
	"spriteSourceSize": {"x":0,"y":0,"w":34,"h":40},
	"sourceSize": {"w":34,"h":40}
},
{
	"filename": "Walking_010.png",
	"frame": {"x":1698,"y":0,"w":34,"h":40},
	"rotated": false,
	"trimmed": false,
	"spriteSourceSize": {"x":0,"y":0,"w":34,"h":40},
	"sourceSize": {"w":34,"h":40}
},
{
	"filename": "Walking_011.png",
	"frame": {"x":1732,"y":0,"w":34,"h":40},
	"rotated": false,
	"trimmed": false,
	"spriteSourceSize": {"x":0,"y":0,"w":34,"h":40},
	"sourceSize": {"w":34,"h":40}
},
{
	"filename": "Walking_012.png",
	"frame": {"x":1766,"y":0,"w":34,"h":40},
	"rotated": false,
	"trimmed": false,
	"spriteSourceSize": {"x":0,"y":0,"w":34,"h":40},
	"sourceSize": {"w":34,"h":40}
},
{
	"filename": "Walking_013.png",
	"frame": {"x":1800,"y":0,"w":34,"h":40},
	"rotated": false,
	"trimmed": false,
	"spriteSourceSize": {"x":0,"y":0,"w":34,"h":40},
	"sourceSize": {"w":34,"h":40}
},
{
	"filename": "Walking_014.png",
	"frame": {"x":1834,"y":0,"w":34,"h":40},
	"rotated": false,
	"trimmed": false,
	"spriteSourceSize": {"x":0,"y":0,"w":34,"h":40},
	"sourceSize": {"w":34,"h":40}
},
{
	"filename": "Walking_015.png",
	"frame": {"x":1868,"y":0,"w":34,"h":40},
	"rotated": false,
	"trimmed": false,
	"spriteSourceSize": {"x":0,"y":0,"w":34,"h":40},
	"sourceSize": {"w":34,"h":40}
},
{
	"filename": "Walking_016.png",
	"frame": {"x":1902,"y":0,"w":34,"h":40},
	"rotated": false,
	"trimmed": false,
	"spriteSourceSize": {"x":0,"y":0,"w":34,"h":40},
	"sourceSize": {"w":34,"h":40}
},
{
	"filename": "Walking_017.png",
	"frame": {"x":1936,"y":0,"w":34,"h":40},
	"rotated": false,
	"trimmed": false,
	"spriteSourceSize": {"x":0,"y":0,"w":34,"h":40},
	"sourceSize": {"w":34,"h":40}
}],
"meta": {
	"app": "https://www.codeandweb.com/texturepacker",
	"version": "1.0",
	"image": "minotauro.png",
	"format": "RGBA8888",
	"size": {"w":1970,"h":40},
	"scale": "1",
	"smartupdate": "$TexturePacker:SmartUpdate:1f3484fd71208dab7ef6f377d139ae4d:ee2f906d721d1b1a6986d3e36fee0ab2:aaa8eb4aa10bee8c3d14c1092dd1edce$"
}
}
