{"frames": [

{
	"filename": "01.png",
	"frame": {"x":0,"y":0,"w":370,"h":430},
	"rotated": false,
	"trimmed": false,
	"spriteSourceSize": {"x":0,"y":0,"w":370,"h":430},
	"sourceSize": {"w":370,"h":430}
},
{
	"filename": "02.png",
	"frame": {"x":370,"y":0,"w":370,"h":430},
	"rotated": false,
	"trimmed": false,
	"spriteSourceSize": {"x":0,"y":0,"w":370,"h":430},
	"sourceSize": {"w":370,"h":430}
},
{
	"filename": "03.png",
	"frame": {"x":740,"y":0,"w":370,"h":430},
	"rotated": false,
	"trimmed": false,
	"spriteSourceSize": {"x":0,"y":0,"w":370,"h":430},
	"sourceSize": {"w":370,"h":430}
},
{
	"filename": "04.png",
	"frame": {"x":1110,"y":0,"w":370,"h":430},
	"rotated": false,
	"trimmed": false,
	"spriteSourceSize": {"x":0,"y":0,"w":370,"h":430},
	"sourceSize": {"w":370,"h":430}
},
{
	"filename": "05.png",
	"frame": {"x":1480,"y":0,"w":370,"h":430},
	"rotated": false,
	"trimmed": false,
	"spriteSourceSize": {"x":0,"y":0,"w":370,"h":430},
	"sourceSize": {"w":370,"h":430}
},
{
	"filename": "Minotaur_01_Walking_005.png",
	"frame": {"x":0,"y":430,"w":370,"h":430},
	"rotated": false,
	"trimmed": false,
	"spriteSourceSize": {"x":0,"y":0,"w":370,"h":430},
	"sourceSize": {"w":370,"h":430}
},
{
	"filename": "Minotaur_01_Walking_006.png",
	"frame": {"x":370,"y":430,"w":370,"h":430},
	"rotated": false,
	"trimmed": false,
	"spriteSourceSize": {"x":0,"y":0,"w":370,"h":430},
	"sourceSize": {"w":370,"h":430}
},
{
	"filename": "Minotaur_01_Walking_007.png",
	"frame": {"x":740,"y":430,"w":370,"h":430},
	"rotated": false,
	"trimmed": false,
	"spriteSourceSize": {"x":0,"y":0,"w":370,"h":430},
	"sourceSize": {"w":370,"h":430}
},
{
	"filename": "Minotaur_01_Walking_008.png",
	"frame": {"x":1110,"y":430,"w":370,"h":430},
	"rotated": false,
	"trimmed": false,
	"spriteSourceSize": {"x":0,"y":0,"w":370,"h":430},
	"sourceSize": {"w":370,"h":430}
},
{
	"filename": "Minotaur_01_Walking_009.png",
	"frame": {"x":1480,"y":430,"w":370,"h":430},
	"rotated": false,
	"trimmed": false,
	"spriteSourceSize": {"x":0,"y":0,"w":370,"h":430},
	"sourceSize": {"w":370,"h":430}
},
{
	"filename": "Minotaur_01_Walking_010.png",
	"frame": {"x":0,"y":860,"w":370,"h":430},
	"rotated": false,
	"trimmed": false,
	"spriteSourceSize": {"x":0,"y":0,"w":370,"h":430},
	"sourceSize": {"w":370,"h":430}
},
{
	"filename": "Minotaur_01_Walking_011.png",
	"frame": {"x":370,"y":860,"w":370,"h":430},
	"rotated": false,
	"trimmed": false,
	"spriteSourceSize": {"x":0,"y":0,"w":370,"h":430},
	"sourceSize": {"w":370,"h":430}
},
{
	"filename": "Minotaur_01_Walking_012.png",
	"frame": {"x":740,"y":860,"w":370,"h":430},
	"rotated": false,
	"trimmed": false,
	"spriteSourceSize": {"x":0,"y":0,"w":370,"h":430},
	"sourceSize": {"w":370,"h":430}
},
{
	"filename": "Minotaur_01_Walking_013.png",
	"frame": {"x":1110,"y":860,"w":370,"h":430},
	"rotated": false,
	"trimmed": false,
	"spriteSourceSize": {"x":0,"y":0,"w":370,"h":430},
	"sourceSize": {"w":370,"h":430}
},
{
	"filename": "Minotaur_01_Walking_014.png",
	"frame": {"x":1480,"y":860,"w":370,"h":430},
	"rotated": false,
	"trimmed": false,
	"spriteSourceSize": {"x":0,"y":0,"w":370,"h":430},
	"sourceSize": {"w":370,"h":430}
},
{
	"filename": "Minotaur_01_Walking_015.png",
	"frame": {"x":0,"y":1290,"w":370,"h":430},
	"rotated": false,
	"trimmed": false,
	"spriteSourceSize": {"x":0,"y":0,"w":370,"h":430},
	"sourceSize": {"w":370,"h":430}
},
{
	"filename": "Minotaur_01_Walking_016.png",
	"frame": {"x":370,"y":1290,"w":370,"h":430},
	"rotated": false,
	"trimmed": false,
	"spriteSourceSize": {"x":0,"y":0,"w":370,"h":430},
	"sourceSize": {"w":370,"h":430}
},
{
	"filename": "Minotaur_01_Walking_017.png",
	"frame": {"x":740,"y":1290,"w":370,"h":430},
	"rotated": false,
	"trimmed": false,
	"spriteSourceSize": {"x":0,"y":0,"w":370,"h":430},
	"sourceSize": {"w":370,"h":430}
}],
"meta": {
	"app": "https://www.codeandweb.com/texturepacker",
	"version": "1.0",
	"image": "Walking_r.png",
	"format": "RGBA8888",
	"size": {"w":1850,"h":1720},
	"scale": "1",
	"smartupdate": "$TexturePacker:SmartUpdate:98857b0523baa26baca6ce43ee211751:b95a90b9e76c2c3497837873e02e5d76:554cd066bc8aefef53de2bf41f0aab51$"
}
}
